user_id,marketplace_side,signup_date,week1_sessions,week1_searches,week1_listings,week1_bookings,week1_messages,active_week_1,active_week_2,active_week_3,active_week_4,last_active_week,churn_flag,cohort_month,week1_engagement
U10001,Supply,2025-02-17,7,4,2,0,0.0,1,0,0,0,1,1,2025-02,13.0
U10002,Demand,2025-06-05,12,4,0,1,2.0,1,0,0,0,1,1,2025-06,19.0
U10003,Demand,2025-04-27,6,4,0,2,5.0,1,1,1,1,4,0,2025-04,17.0
U10004,Demand,2025-06-03,10,3,0,0,2.0,1,0,0,0,1,1,2025-06,15.0
U10005,Supply,2025-06-02,7,1,1,0,5.0,1,1,1,1,4,0,2025-06,14.0
U10006,Supply,2025-01-12,12,4,3,1,2.0,1,1,1,0,3,0,2025-01,22.0
U10007,Supply,2025-05-13,3,3,0,0,2.0,1,0,0,0,1,1,2025-05,8.0
U10008,Demand,2025-02-17,5,2,0,0,3.0,1,1,0,0,2,1,2025-02,10.0
U10009,Demand,2025-02-06,0,1,0,0,2.0,1,0,1,0,3,0,2025-02,3.0
U10010,Demand,2025-02-13,8,4,0,1,1.0,1,0,1,0,3,0,2025-02,14.0
U10011,Supply,2025-01-15,8,2,1,1,4.0,1,1,1,1,4,0,2025-01,16.0
U10012,Demand,2025-02-12,5,5,0,0,2.0,1,0,0,0,1,1,2025-02,12.0
U10013,Demand,2025-06-25,14,9,0,2,4.0,1,1,1,0,3,0,2025-06,29.0
U10014,Supply,2025-03-28,7,3,1,0,2.0,1,1,1,1,4,0,2025-03,13.0
U10015,Supply,2025-03-11,8,3,2,1,5.0,1,1,1,0,3,0,2025-03,19.0
U10016,Supply,2025-02-15,7,4,2,0,5.0,1,0,1,1,4,0,2025-02,18.0
U10017,Supply,2025-04-18,11,6,2,0,0.0,1,0,0,0,1,1,2025-04,19.0
U10018,Demand,2025-05-03,7,1,0,0,3.0,1,1,1,0,3,0,2025-05,11.0
U10019,Demand,2025-06-20,8,4,0,1,4.0,1,1,0,0,2,1,2025-06,17.0
U10020,Supply,2025-01-21,9,6,1,0,6.0,1,1,1,1,4,0,2025-01,22.0
U10021,Demand,2025-05-31,8,3,0,0,3.0,1,0,1,1,4,0,2025-05,14.0
U10022,Supply,2025-04-17,9,4,4,2,2.0,1,1,0,1,4,0,2025-04,21.0
U10023,Supply,2025-03-21,6,2,2,0,4.0,1,0,0,0,1,1,2025-03,14.0
U10024,Supply,2025-02-16,8,2,3,1,2.0,1,1,1,0,3,0,2025-02,16.0
U10025,Demand,2025-04-27,5,1,0,1,4.0,1,0,1,0,3,0,2025-04,11.0
U10026,Demand,2025-05-04,4,4,0,1,4.0,1,1,0,0,2,1,2025-05,13.0
U10027,Supply,2025-05-23,5,2,1,0,2.0,1,0,0,0,1,1,2025-05,10.0
U10028,Demand,2025-01-25,13,5,0,3,10.0,1,1,0,1,4,0,2025-01,31.0
U10029,Demand,2025-02-05,7,3,0,0,1.0,1,1,1,0,3,0,2025-02,11.0
U10030,Supply,2025-02-20,13,4,1,0,2.0,1,0,1,0,3,0,2025-02,20.0
U10031,Demand,2025-01-15,4,6,0,2,2.0,1,1,1,0,3,0,2025-01,14.0
U10032,Supply,2025-03-09,8,2,1,0,1.0,1,0,0,0,1,1,2025-03,12.0
U10033,Supply,2025-01-21,6,4,1,0,1.0,1,0,0,0,1,1,2025-01,12.0
U10034,Demand,2025-05-21,7,3,0,1,6.0,1,0,0,0,1,1,2025-05,17.0
U10035,Demand,2025-01-19,8,5,0,1,5.0,1,1,1,1,4,0,2025-01,19.0
U10036,Demand,2025-02-03,14,7,0,2,5.0,1,1,1,1,4,0,2025-02,28.0
U10037,Supply,2025-03-19,8,3,4,1,4.0,1,1,1,1,4,0,2025-03,20.0
U10038,Supply,2025-05-05,14,5,2,0,1.0,1,1,1,1,4,0,2025-05,22.0
U10039,Demand,2025-04-27,7,9,0,0,6.0,1,0,1,1,4,0,2025-04,22.0
U10040,Demand,2025-02-21,12,2,0,1,2.0,1,0,0,1,4,0,2025-02,17.0
U10041,Supply,2025-01-27,10,6,1,0,4.0,1,1,1,1,4,0,2025-01,21.0
U10042,Demand,2025-06-06,9,7,0,0,6.0,1,1,1,0,3,0,2025-06,22.0
U10043,Supply,2025-06-05,19,6,4,2,5.0,1,1,1,1,4,0,2025-06,36.0
U10044,Demand,2025-02-04,5,3,0,0,4.0,1,1,1,1,4,0,2025-02,12.0
U10045,Supply,2025-05-16,7,2,1,0,2.0,1,1,1,0,3,0,2025-05,12.0
U10046,Demand,2025-05-24,10,4,0,1,7.0,1,1,1,0,3,0,2025-05,22.0
U10047,Supply,2025-04-16,9,3,2,0,1.0,1,1,0,1,4,0,2025-04,15.0
U10048,Demand,2025-06-13,1,4,0,1,3.0,1,1,0,0,2,1,2025-06,9.0
U10049,Demand,2025-06-07,7,3,0,1,1.0,1,1,1,0,3,0,2025-06,12.0
U10050,Supply,2025-05-26,4,3,0,0,2.0,1,0,0,0,1,1,2025-05,9.0
U10051,Demand,2025-01-02,7,2,0,0,1.0,1,0,0,0,1,1,2025-01,10.0
U10052,Demand,2025-06-26,7,3,0,1,3.0,1,1,1,0,3,0,2025-06,14.0
U10053,Demand,2025-03-18,8,3,0,1,5.0,1,1,1,1,4,0,2025-03,17.0
U10054,Demand,2025-05-12,7,8,0,3,3.0,1,1,0,0,2,1,2025-05,21.0
U10055,Demand,2025-03-31,7,5,0,1,3.0,1,0,1,0,3,0,2025-03,16.0
U10056,Demand,2025-03-30,13,8,0,3,4.0,1,1,1,1,4,0,2025-03,28.0
U10057,Supply,2025-04-04,12,5,3,0,2.0,1,1,0,0,2,1,2025-04,22.0
U10058,Supply,2025-01-07,11,3,1,0,3.0,1,1,1,0,3,0,2025-01,18.0
U10059,Supply,2025-04-05,8,3,1,0,2.0,1,1,1,0,3,0,2025-04,14.0
U10060,Supply,2025-04-18,7,1,1,1,1.0,1,1,1,0,3,0,2025-04,11.0
U10061,Supply,2025-03-15,14,5,2,1,5.0,1,1,1,1,4,0,2025-03,27.0
U10062,Supply,2025-02-08,5,0,1,1,7.0,1,0,1,0,3,0,2025-02,14.0
U10063,Demand,2025-05-21,5,5,0,0,3.0,1,1,0,0,2,1,2025-05,13.0
U10064,Supply,2025-06-08,4,1,3,0,2.0,1,0,1,0,3,0,2025-06,10.0
U10065,Supply,2025-03-12,8,3,2,0,3.0,1,1,1,1,4,0,2025-03,16.0
U10066,Demand,2025-02-25,6,6,0,0,1.0,1,1,0,0,2,1,2025-02,13.0
U10067,Supply,2025-06-19,10,2,2,1,3.0,1,0,0,0,1,1,2025-06,18.0
U10068,Demand,2025-02-11,8,5,0,3,5.0,1,0,1,0,3,0,2025-02,21.0
U10069,Supply,2025-02-05,7,5,1,1,2.0,1,1,1,0,3,0,2025-02,16.0
U10070,Demand,2025-03-25,7,2,0,0,1.0,1,0,0,0,1,1,2025-03,10.0
U10071,Demand,2025-04-28,10,1,0,0,2.0,1,1,1,0,3,0,2025-04,13.0
U10072,Supply,2025-01-07,8,2,3,0,0.0,1,1,1,1,4,0,2025-01,13.0
U10073,Supply,2025-02-23,4,0,4,0,2.0,1,1,0,0,2,1,2025-02,10.0
U10074,Demand,2025-05-09,13,9,0,1,3.0,1,1,0,0,2,1,2025-05,26.0
U10075,Demand,2025-06-21,5,1,0,0,3.0,1,0,0,0,1,1,2025-06,9.0
U10076,Demand,2025-04-30,12,4,0,1,3.0,1,1,0,0,2,1,2025-04,20.0
U10077,Demand,2025-06-22,10,7,0,0,3.0,1,1,1,0,3,0,2025-06,20.0
U10078,Supply,2025-04-16,5,2,2,0,3.0,1,1,0,1,4,0,2025-04,12.0
U10079,Supply,2025-02-16,11,3,3,0,1.0,1,0,0,1,4,0,2025-02,18.0
U10080,Supply,2025-05-03,7,2,2,2,4.0,1,1,0,1,4,0,2025-05,17.0
U10081,Demand,2025-05-21,9,2,0,1,6.0,1,1,0,1,4,0,2025-05,18.0
U10082,Demand,2025-04-29,5,3,0,0,1.0,1,0,0,0,1,1,2025-04,9.0
U10083,Supply,2025-05-30,7,1,4,0,0.0,1,1,1,1,4,0,2025-05,12.0
U10084,Supply,2025-04-28,9,5,2,0,3.0,1,1,1,0,3,0,2025-04,19.0
U10085,Supply,2025-01-21,8,4,0,0,4.0,1,1,0,1,4,0,2025-01,16.0
U10086,Supply,2025-05-17,9,4,3,1,2.0,1,0,0,0,1,1,2025-05,19.0
U10087,Demand,2025-01-26,7,6,0,1,4.0,1,0,1,1,4,0,2025-01,18.0
U10088,Demand,2025-01-09,8,7,0,1,3.0,1,1,1,1,4,0,2025-01,19.0
U10089,Demand,2025-01-15,5,2,0,1,8.0,1,1,1,1,4,0,2025-01,16.0
U10090,Demand,2025-01-10,7,3,0,0,1.0,1,1,1,0,3,0,2025-01,11.0
U10091,Supply,2025-05-02,16,4,2,0,1.0,1,1,0,1,4,0,2025-05,23.0
U10092,Demand,2025-05-01,11,5,0,0,1.0,1,1,1,1,4,0,2025-05,17.0
U10093,Demand,2025-05-05,16,10,0,2,4.0,1,0,0,0,1,1,2025-05,32.0
U10094,Demand,2025-06-19,15,8,0,3,3.0,1,0,1,1,4,0,2025-06,29.0
U10095,Demand,2025-03-13,10,7,0,3,8.0,1,0,1,1,4,0,2025-03,28.0
U10096,Demand,2025-06-01,13,6,0,4,6.0,1,1,1,1,4,0,2025-06,29.0
U10097,Demand,2025-02-18,4,0,0,1,3.0,1,0,0,0,1,1,2025-02,8.0
U10098,Demand,2025-06-03,5,2,0,2,2.0,1,0,0,1,4,0,2025-06,11.0
U10099,Supply,2025-04-01,11,6,3,1,1.0,1,1,0,1,4,0,2025-04,22.0
U10100,Supply,2025-02-06,7,2,0,0,2.0,1,1,1,1,4,0,2025-02,11.0
U10101,Supply,2025-03-09,5,3,0,1,3.0,1,1,0,0,2,1,2025-03,12.0
U10102,Demand,2025-02-19,8,5,0,1,3.0,1,1,1,0,3,0,2025-02,17.0
U10103,Supply,2025-06-01,11,2,1,1,2.0,1,1,1,0,3,0,2025-06,17.0
U10104,Demand,2025-01-19,9,5,0,0,1.0,1,0,0,0,1,1,2025-01,15.0
U10105,Demand,2025-04-10,3,4,0,1,1.0,1,1,1,0,3,0,2025-04,9.0
U10106,Supply,2025-03-01,10,2,4,0,2.0,1,1,0,0,2,1,2025-03,18.0
U10107,Supply,2025-06-16,10,5,3,2,8.0,1,1,1,0,3,0,2025-06,28.0
U10108,Demand,2025-03-30,8,4,0,1,5.0,1,0,1,0,3,0,2025-03,18.0
U10109,Supply,2025-05-26,9,4,4,1,2.0,1,1,1,0,3,0,2025-05,20.0
U10110,Supply,2025-05-27,5,2,2,0,1.0,1,1,0,0,2,1,2025-05,10.0
U10111,Supply,2025-06-13,15,5,1,0,3.0,1,1,1,1,4,0,2025-06,24.0
U10112,Supply,2025-03-10,16,3,4,2,2.0,1,1,1,1,4,0,2025-03,27.0
U10113,Demand,2025-06-24,5,6,0,0,2.0,1,0,1,1,4,0,2025-06,13.0
U10114,Demand,2025-02-18,9,4,0,1,3.0,1,1,1,0,3,0,2025-02,17.0
U10115,Demand,2025-04-18,4,3,0,1,4.0,1,0,0,0,1,1,2025-04,12.0
U10116,Demand,2025-06-10,12,8,0,3,5.0,1,1,1,1,4,0,2025-06,28.0
U10117,Demand,2025-04-29,4,3,0,0,2.0,1,1,0,0,2,1,2025-04,9.0
U10118,Supply,2025-05-29,8,1,3,2,7.0,1,0,0,1,4,0,2025-05,21.0
U10119,Demand,2025-05-30,6,6,0,1,5.0,1,0,1,0,3,0,2025-05,18.0
U10120,Demand,2025-06-25,14,5,0,1,1.0,1,1,1,1,4,0,2025-06,21.0
U10121,Demand,2025-02-06,6,5,0,3,5.0,1,0,1,0,3,0,2025-02,19.0
U10122,Demand,2025-05-23,3,5,0,0,2.0,1,1,1,1,4,0,2025-05,10.0
U10123,Supply,2025-06-12,8,1,4,1,7.0,1,1,1,1,4,0,2025-06,21.0
U10124,Supply,2025-06-09,6,2,0,0,5.0,1,1,0,0,2,1,2025-06,13.0
U10125,Supply,2025-01-11,9,4,3,1,5.0,1,1,1,1,4,0,2025-01,22.0
U10126,Demand,2025-05-18,13,7,0,1,1.0,1,0,1,0,3,0,2025-05,22.0
U10127,Demand,2025-03-19,7,7,0,2,2.0,1,0,0,0,1,1,2025-03,18.0
U10128,Demand,2025-03-18,7,5,0,1,1.0,1,0,0,0,1,1,2025-03,14.0
U10129,Supply,2025-06-02,7,2,1,0,2.0,1,1,0,0,2,1,2025-06,12.0
U10130,Demand,2025-01-02,11,4,0,1,0.0,1,1,0,1,4,0,2025-01,16.0
U10131,Supply,2025-03-05,9,4,4,0,1.0,1,1,1,1,4,0,2025-03,18.0
U10132,Supply,2025-02-04,12,4,3,1,5.0,1,1,1,1,4,0,2025-02,25.0
U10133,Supply,2025-01-07,6,3,1,0,1.0,1,1,1,1,4,0,2025-01,11.0
U10134,Supply,2025-03-26,11,4,2,0,2.0,1,0,0,1,4,0,2025-03,19.0
U10135,Demand,2025-05-26,8,4,0,0,3.0,1,0,0,0,1,1,2025-05,15.0
U10136,Supply,2025-03-08,10,1,4,0,2.0,1,0,0,0,1,1,2025-03,17.0
U10137,Demand,2025-02-11,4,4,0,0,0.0,1,0,0,0,1,1,2025-02,8.0
U10138,Demand,2025-04-28,6,2,0,1,4.0,1,0,1,0,3,0,2025-04,13.0
U10139,Supply,2025-05-05,8,3,3,0,1.0,1,0,1,0,3,0,2025-05,15.0
U10140,Demand,2025-06-16,11,6,0,1,3.0,1,0,0,0,1,1,2025-06,21.0
U10141,Demand,2025-06-18,3,2,0,0,2.0,1,1,0,0,2,1,2025-06,7.0
U10142,Supply,2025-01-24,14,5,0,0,4.0,1,0,0,1,4,0,2025-01,23.0
U10143,Demand,2025-02-15,8,4,0,2,4.0,1,0,1,0,3,0,2025-02,18.0
U10144,Supply,2025-01-19,14,3,4,3,4.0,1,1,0,0,2,1,2025-01,28.0
U10145,Supply,2025-03-09,10,4,0,0,0.0,1,1,0,1,4,0,2025-03,14.0
U10146,Supply,2025-04-12,15,6,2,0,0.0,1,1,1,1,4,0,2025-04,23.0
U10147,Demand,2025-02-11,8,6,0,0,0.0,1,0,0,0,1,1,2025-02,14.0
U10148,Demand,2025-02-01,11,8,0,2,8.0,1,1,1,0,3,0,2025-02,29.0
U10149,Supply,2025-06-16,10,5,1,0,2.0,1,0,1,0,3,0,2025-06,18.0
U10150,Supply,2025-04-19,8,6,1,1,4.0,1,1,0,0,2,1,2025-04,20.0
U10151,Demand,2025-02-05,5,2,0,1,2.0,1,1,0,1,4,0,2025-02,10.0
U10152,Supply,2025-04-07,7,5,3,2,3.0,1,1,1,0,3,0,2025-04,20.0
U10153,Supply,2025-06-13,6,0,1,0,3.0,1,0,0,0,1,1,2025-06,10.0
U10154,Demand,2025-05-11,8,5,0,1,5.0,1,1,0,1,4,0,2025-05,19.0
U10155,Demand,2025-03-14,8,5,0,1,3.0,1,0,1,0,3,0,2025-03,17.0
U10156,Supply,2025-05-16,6,4,4,1,4.0,1,0,0,0,1,1,2025-05,19.0
U10157,Demand,2025-04-07,6,2,0,0,2.0,1,0,0,0,1,1,2025-04,10.0
U10158,Demand,2025-05-03,8,4,0,2,6.0,1,1,1,0,3,0,2025-05,20.0
U10159,Supply,2025-03-11,5,2,0,0,4.0,1,1,1,0,3,0,2025-03,11.0
U10160,Demand,2025-06-18,4,6,0,0,4.0,1,0,0,0,1,1,2025-06,14.0
U10161,Supply,2025-01-13,3,1,1,0,3.0,1,1,1,1,4,0,2025-01,8.0
U10162,Demand,2025-02-18,5,3,0,0,0.0,1,0,0,0,1,1,2025-02,8.0
U10163,Demand,2025-03-01,6,5,0,0,4.0,1,1,0,0,2,1,2025-03,15.0
U10164,Demand,2025-05-10,9,3,0,1,3.0,1,0,0,0,1,1,2025-05,16.0
U10165,Supply,2025-01-05,8,3,3,2,3.0,1,1,0,0,2,1,2025-01,19.0
U10166,Demand,2025-06-21,13,5,0,3,4.0,1,0,1,0,3,0,2025-06,25.0
U10167,Supply,2025-01-27,11,2,3,1,4.0,1,1,1,1,4,0,2025-01,21.0
U10168,Supply,2025-06-09,8,1,3,0,3.0,1,1,1,0,3,0,2025-06,15.0
U10169,Supply,2025-05-29,7,2,1,0,6.0,1,0,0,1,4,0,2025-05,16.0
U10170,Demand,2025-01-08,7,3,0,1,4.0,1,1,0,0,2,1,2025-01,15.0
U10171,Demand,2025-02-19,12,7,0,3,4.0,1,1,1,1,4,0,2025-02,26.0
U10172,Supply,2025-03-08,15,7,3,0,2.0,1,1,0,1,4,0,2025-03,27.0
U10173,Demand,2025-02-13,8,5,0,2,3.0,1,0,0,0,1,1,2025-02,18.0
U10174,Supply,2025-05-05,11,5,1,0,2.0,1,1,1,0,3,0,2025-05,19.0
U10175,Demand,2025-02-27,10,3,0,0,5.0,1,0,0,1,4,0,2025-02,18.0
U10176,Supply,2025-01-03,10,0,4,3,1.0,1,1,1,1,4,0,2025-01,18.0
U10177,Demand,2025-03-27,7,3,0,1,2.0,1,1,1,1,4,0,2025-03,13.0
U10178,Supply,2025-03-11,7,1,0,1,3.0,1,1,1,0,3,0,2025-03,12.0
U10179,Demand,2025-05-10,8,6,0,1,6.0,1,1,1,1,4,0,2025-05,21.0
U10180,Supply,2025-06-21,8,2,2,1,4.0,1,1,0,1,4,0,2025-06,17.0
U10181,Supply,2025-01-02,8,6,0,1,2.0,1,0,0,0,1,1,2025-01,17.0
U10182,Supply,2025-04-12,10,1,2,0,0.0,1,1,1,1,4,0,2025-04,13.0
U10183,Demand,2025-02-04,16,9,0,2,7.0,1,1,0,0,2,1,2025-02,34.0
U10184,Demand,2025-04-08,5,3,0,0,1.0,1,1,0,0,2,1,2025-04,9.0
U10185,Supply,2025-01-30,10,3,1,0,2.0,1,1,1,0,3,0,2025-01,16.0
U10186,Demand,2025-04-26,9,5,0,0,5.0,1,1,1,1,4,0,2025-04,19.0
U10187,Demand,2025-01-08,12,10,0,1,2.0,1,1,1,1,4,0,2025-01,25.0
U10188,Demand,2025-05-30,13,6,0,0,2.0,1,0,0,0,1,1,2025-05,21.0
U10189,Demand,2025-02-13,6,4,0,3,3.0,1,1,0,0,2,1,2025-02,16.0
U10190,Supply,2025-02-05,7,4,0,1,2.0,1,0,1,1,4,0,2025-02,14.0
U10191,Supply,2025-03-18,9,2,2,0,3.0,1,1,1,1,4,0,2025-03,16.0
U10192,Demand,2025-01-31,5,2,0,0,3.0,1,0,1,1,4,0,2025-01,10.0
U10193,Demand,2025-02-16,7,3,0,1,0.0,1,0,0,0,1,1,2025-02,11.0
U10194,Demand,2025-02-24,5,5,0,1,2.0,1,0,0,0,1,1,2025-02,13.0
U10195,Supply,2025-04-16,8,6,0,1,3.0,1,1,0,0,2,1,2025-04,18.0
U10196,Supply,2025-06-07,9,4,0,1,2.0,1,1,1,1,4,0,2025-06,16.0
U10197,Demand,2025-05-01,9,4,0,0,2.0,1,0,0,0,1,1,2025-05,15.0
U10198,Demand,2025-02-24,10,6,0,1,4.0,1,0,1,0,3,0,2025-02,21.0
U10199,Demand,2025-05-24,10,7,0,1,1.0,1,1,1,0,3,0,2025-05,19.0
U10200,Demand,2025-01-12,6,3,0,0,0.0,1,0,1,1,4,0,2025-01,9.0
U10201,Demand,2025-05-25,8,4,0,0,4.0,1,0,1,1,4,0,2025-05,16.0
U10202,Supply,2025-05-24,9,1,2,0,1.0,1,0,0,0,1,1,2025-05,13.0
U10203,Supply,2025-05-20,12,3,4,1,4.0,1,0,1,1,4,0,2025-05,24.0
U10204,Demand,2025-05-16,12,5,0,1,4.0,1,1,1,0,3,0,2025-05,22.0
U10205,Demand,2025-01-03,10,5,0,3,5.0,1,1,0,0,2,1,2025-01,23.0
U10206,Supply,2025-05-24,10,3,0,0,0.0,1,1,1,0,3,0,2025-05,13.0
U10207,Supply,2025-01-30,7,4,3,0,2.0,1,0,1,1,4,0,2025-01,16.0
U10208,Demand,2025-01-23,8,6,0,1,2.0,1,0,0,0,1,1,2025-01,17.0
U10209,Supply,2025-04-02,5,1,1,1,2.0,1,1,0,0,2,1,2025-04,10.0
U10210,Supply,2025-04-25,8,0,3,0,1.0,1,1,1,1,4,0,2025-04,12.0
U10211,Demand,2025-04-14,9,6,0,1,6.0,1,0,0,1,4,0,2025-04,22.0
U10212,Demand,2025-04-28,12,8,0,1,3.0,1,1,1,0,3,0,2025-04,24.0
U10213,Demand,2025-01-05,5,2,0,2,3.0,1,1,1,1,4,0,2025-01,12.0
U10214,Supply,2025-04-14,9,3,3,0,2.0,1,1,0,1,4,0,2025-04,17.0
U10215,Demand,2025-04-18,4,4,0,1,3.0,1,1,1,1,4,0,2025-04,12.0
U10216,Supply,2025-03-06,10,2,2,1,3.0,1,1,1,0,3,0,2025-03,18.0
U10217,Supply,2025-05-01,14,4,3,1,0.0,1,1,1,1,4,0,2025-05,22.0
U10218,Demand,2025-01-30,7,6,0,1,3.0,1,0,1,1,4,0,2025-01,17.0
U10219,Demand,2025-05-29,10,5,0,1,4.0,1,1,1,0,3,0,2025-05,20.0
U10220,Demand,2025-03-25,10,5,0,0,2.0,1,1,1,0,3,0,2025-03,17.0
U10221,Demand,2025-05-30,9,7,0,3,3.0,1,1,1,1,4,0,2025-05,22.0
U10222,Demand,2025-02-01,4,3,0,1,4.0,1,0,1,0,3,0,2025-02,12.0
U10223,Supply,2025-06-10,11,2,1,0,2.0,1,0,0,1,4,0,2025-06,16.0
U10224,Supply,2025-01-16,7,4,2,0,2.0,1,1,0,0,2,1,2025-01,15.0
U10225,Supply,2025-02-07,14,5,3,0,3.0,1,0,0,0,1,1,2025-02,25.0
U10226,Supply,2025-05-22,15,3,4,2,4.0,1,0,1,1,4,0,2025-05,28.0
U10227,Demand,2025-02-05,11,7,0,0,4.0,1,0,1,1,4,0,2025-02,22.0
U10228,Supply,2025-05-31,7,4,0,1,3.0,1,1,1,0,3,0,2025-05,15.0
U10229,Demand,2025-04-24,7,3,0,0,4.0,1,1,1,0,3,0,2025-04,14.0
U10230,Demand,2025-03-07,6,3,0,0,4.0,1,1,1,1,4,0,2025-03,13.0
U10231,Demand,2025-04-15,2,2,0,1,1.0,1,0,0,0,1,1,2025-04,6.0
U10232,Demand,2025-03-26,7,3,0,0,0.0,1,1,1,0,3,0,2025-03,10.0
U10233,Demand,2025-01-02,9,5,0,0,1.0,1,0,1,0,3,0,2025-01,15.0
U10234,Demand,2025-03-16,4,2,0,0,3.0,1,0,0,0,1,1,2025-03,9.0
U10235,Supply,2025-03-08,8,3,1,1,0.0,1,1,0,1,4,0,2025-03,13.0
U10236,Demand,2025-06-29,7,5,0,1,6.0,1,1,1,0,3,0,2025-06,19.0
U10237,Supply,2025-05-31,5,2,0,0,1.0,1,1,0,0,2,1,2025-05,8.0
U10238,Supply,2025-06-03,10,4,1,0,2.0,1,0,0,0,1,1,2025-06,17.0
U10239,Demand,2025-02-24,3,5,0,2,3.0,1,1,0,0,2,1,2025-02,13.0
U10240,Supply,2025-01-06,12,5,2,1,4.0,1,1,1,1,4,0,2025-01,24.0
U10241,Demand,2025-06-12,7,4,0,1,3.0,1,1,1,0,3,0,2025-06,15.0
U10242,Demand,2025-05-30,9,7,0,3,6.0,1,1,0,1,4,0,2025-05,25.0
U10243,Demand,2025-06-20,6,3,0,2,5.0,1,1,1,1,4,0,2025-06,16.0
U10244,Supply,2025-05-23,7,5,2,0,1.0,1,1,0,0,2,1,2025-05,15.0
U10245,Supply,2025-03-27,11,1,4,2,2.0,1,0,1,1,4,0,2025-03,20.0
U10246,Demand,2025-03-01,2,4,0,0,1.0,1,1,0,0,2,1,2025-03,7.0
U10247,Demand,2025-04-11,8,6,0,3,5.0,1,0,1,0,3,0,2025-04,22.0
U10248,Demand,2025-01-12,10,5,0,1,2.0,1,1,1,1,4,0,2025-01,18.0
U10249,Demand,2025-02-18,7,3,0,0,4.0,1,1,0,1,4,0,2025-02,14.0
U10250,Demand,2025-02-11,5,3,0,0,1.0,1,1,0,0,2,1,2025-02,9.0
U10251,Supply,2025-06-15,10,1,3,0,2.0,1,1,1,0,3,0,2025-06,16.0
U10252,Supply,2025-03-23,15,6,3,3,5.0,1,1,1,0,3,0,2025-03,32.0
U10253,Demand,2025-06-22,5,2,0,0,3.0,1,1,0,0,2,1,2025-06,10.0
U10254,Supply,2025-02-04,6,1,2,0,4.0,1,1,1,1,4,0,2025-02,13.0
U10255,Supply,2025-06-07,7,2,2,1,4.0,1,1,0,1,4,0,2025-06,16.0
U10256,Demand,2025-06-07,12,8,0,2,4.0,1,0,1,1,4,0,2025-06,26.0
U10257,Demand,2025-05-14,8,3,0,0,1.0,1,1,0,0,2,1,2025-05,12.0
U10258,Demand,2025-03-08,8,4,0,1,3.0,1,0,0,0,1,1,2025-03,16.0
U10259,Demand,2025-03-21,10,8,0,1,4.0,1,1,1,0,3,0,2025-03,23.0
U10260,Supply,2025-01-07,5,2,1,0,1.0,1,0,1,1,4,0,2025-01,9.0
U10261,Demand,2025-06-29,7,2,0,0,1.0,1,1,1,0,3,0,2025-06,10.0
U10262,Demand,2025-01-14,10,7,0,2,5.0,1,0,0,0,1,1,2025-01,24.0
U10263,Supply,2025-03-14,9,2,1,1,3.0,1,0,0,0,1,1,2025-03,16.0
U10264,Demand,2025-05-23,6,5,0,0,5.0,1,0,1,1,4,0,2025-05,16.0
U10265,Demand,2025-05-29,10,7,0,2,7.0,1,1,0,1,4,0,2025-05,26.0
U10266,Demand,2025-06-12,8,7,0,1,2.0,1,0,0,0,1,1,2025-06,18.0
U10267,Demand,2025-03-07,8,2,0,1,4.0,1,0,1,0,3,0,2025-03,15.0
U10268,Demand,2025-04-01,8,5,0,0,2.0,1,1,1,1,4,0,2025-04,15.0
U10269,Supply,2025-05-10,12,6,1,0,2.0,1,1,1,0,3,0,2025-05,21.0
U10270,Supply,2025-06-12,10,3,2,0,0.0,1,1,1,0,3,0,2025-06,15.0
U10271,Demand,2025-01-20,4,2,0,1,2.0,1,1,1,1,4,0,2025-01,9.0
U10272,Demand,2025-01-10,9,9,0,1,3.0,1,0,0,1,4,0,2025-01,22.0
U10273,Demand,2025-01-25,8,6,0,2,4.0,1,1,1,1,4,0,2025-01,20.0
U10274,Demand,2025-01-25,4,3,0,0,0.0,1,0,1,1,4,0,2025-01,7.0
U10275,Demand,2025-02-23,5,2,0,1,5.0,1,0,1,0,3,0,2025-02,13.0
U10276,Demand,2025-02-02,7,5,0,1,3.0,1,1,1,0,3,0,2025-02,16.0
U10277,Demand,2025-06-13,11,7,0,0,1.0,1,0,0,0,1,1,2025-06,19.0
U10278,Demand,2025-04-05,9,5,0,3,4.0,1,1,1,0,3,0,2025-04,21.0
U10279,Demand,2025-01-14,8,3,0,1,5.0,1,0,0,0,1,1,2025-01,17.0
U10280,Demand,2025-03-06,5,4,0,0,4.0,1,1,1,1,4,0,2025-03,13.0
U10281,Demand,2025-04-20,19,14,0,1,5.0,1,1,1,1,4,0,2025-04,39.0
U10282,Supply,2025-03-21,8,3,3,2,6.0,1,1,1,0,3,0,2025-03,22.0
U10283,Supply,2025-02-23,5,4,0,0,4.0,1,1,1,1,4,0,2025-02,13.0
U10284,Supply,2025-05-05,9,4,4,1,2.0,1,0,1,0,3,0,2025-05,20.0
U10285,Demand,2025-06-29,5,7,0,1,3.0,1,1,0,1,4,0,2025-06,16.0
U10286,Supply,2025-05-11,7,3,0,1,3.0,1,0,1,1,4,0,2025-05,14.0
U10287,Demand,2025-06-18,10,3,0,1,2.0,1,1,1,1,4,0,2025-06,16.0
U10288,Demand,2025-05-14,7,1,0,1,5.0,1,1,0,1,4,0,2025-05,14.0
U10289,Supply,2025-01-25,10,2,4,0,4.0,1,1,1,0,3,0,2025-01,20.0
U10290,Demand,2025-05-21,23,12,0,4,9.0,1,1,1,1,4,0,2025-05,48.0
U10291,Supply,2025-04-27,10,4,1,0,5.0,1,1,1,1,4,0,2025-04,20.0
U10292,Supply,2025-05-16,10,2,2,1,3.0,1,0,1,0,3,0,2025-05,18.0
U10293,Demand,2025-05-29,11,6,0,3,3.0,1,1,0,1,4,0,2025-05,23.0
U10294,Supply,2025-01-25,9,3,1,0,2.0,1,1,1,0,3,0,2025-01,15.0
U10295,Supply,2025-03-20,5,2,1,0,4.0,1,0,0,0,1,1,2025-03,12.0
U10296,Demand,2025-03-09,13,2,0,0,3.0,1,0,0,0,1,1,2025-03,18.0
U10297,Demand,2025-06-22,10,6,0,1,3.0,1,0,0,0,1,1,2025-06,20.0
U10298,Supply,2025-01-12,16,6,3,1,3.0,1,1,1,0,3,0,2025-01,29.0
U10299,Demand,2025-02-01,9,4,0,2,5.0,1,1,1,0,3,0,2025-02,20.0
U10300,Supply,2025-05-08,3,1,2,1,7.0,1,1,1,0,3,0,2025-05,14.0
U10301,Supply,2025-04-06,6,2,1,0,1.0,1,1,1,1,4,0,2025-04,10.0
U10302,Demand,2025-04-02,14,10,0,1,3.0,1,1,1,1,4,0,2025-04,28.0
U10303,Demand,2025-05-21,8,3,0,2,5.0,1,1,0,0,2,1,2025-05,18.0
U10304,Demand,2025-01-31,13,10,0,4,3.0,1,1,1,1,4,0,2025-01,30.0
U10305,Demand,2025-03-19,10,3,0,0,1.0,1,1,1,1,4,0,2025-03,14.0
U10306,Demand,2025-01-20,8,5,0,1,4.0,1,0,0,0,1,1,2025-01,18.0
U10307,Demand,2025-05-26,4,4,0,0,1.0,1,0,1,0,3,0,2025-05,9.0
U10308,Supply,2025-03-01,6,4,4,2,7.0,1,1,1,0,3,0,2025-03,23.0
U10309,Demand,2025-05-14,8,3,0,1,1.0,1,1,1,1,4,0,2025-05,13.0
U10310,Supply,2025-06-09,9,2,0,1,1.0,1,1,0,1,4,0,2025-06,13.0
U10311,Demand,2025-04-03,6,3,0,0,2.0,1,0,0,1,4,0,2025-04,11.0
U10312,Supply,2025-02-12,7,0,1,0,2.0,1,0,0,0,1,1,2025-02,10.0
U10313,Supply,2025-05-10,10,5,1,0,1.0,1,1,1,1,4,0,2025-05,17.0
U10314,Demand,2025-03-01,10,5,0,1,6.0,1,1,1,1,4,0,2025-03,22.0
U10315,Demand,2025-05-31,9,5,0,0,1.0,1,1,1,0,3,0,2025-05,15.0
U10316,Demand,2025-01-31,7,3,0,0,1.0,1,0,0,0,1,1,2025-01,11.0
U10317,Supply,2025-01-05,10,2,2,1,5.0,1,0,0,0,1,1,2025-01,20.0
U10318,Supply,2025-06-11,9,5,1,0,1.0,1,1,1,0,3,0,2025-06,16.0
U10319,Supply,2025-01-10,8,4,4,1,3.0,1,1,1,0,3,0,2025-01,20.0
U10320,Supply,2025-03-30,12,3,1,0,3.0,1,0,1,1,4,0,2025-03,19.0
U10321,Demand,2025-05-10,8,7,0,0,1.0,1,1,1,1,4,0,2025-05,16.0
U10322,Demand,2025-05-06,8,5,0,2,3.0,1,1,1,0,3,0,2025-05,18.0
U10323,Demand,2025-01-11,6,2,0,0,0.0,1,0,0,0,1,1,2025-01,8.0
U10324,Supply,2025-06-27,10,4,5,1,0.0,1,1,0,0,2,1,2025-06,20.0
U10325,Demand,2025-06-08,7,2,0,1,2.0,1,1,0,0,2,1,2025-06,12.0
U10326,Demand,2025-02-25,9,6,0,2,2.0,1,1,1,0,3,0,2025-02,19.0
U10327,Demand,2025-03-24,9,4,0,2,4.0,1,1,1,0,3,0,2025-03,19.0
U10328,Demand,2025-05-17,4,6,0,0,1.0,1,0,1,0,3,0,2025-05,11.0
U10329,Supply,2025-04-09,12,2,6,2,3.0,1,1,1,0,3,0,2025-04,25.0
U10330,Supply,2025-05-29,12,6,3,0,0.0,1,1,0,0,2,1,2025-05,21.0
U10331,Supply,2025-03-14,13,7,1,0,4.0,1,1,1,1,4,0,2025-03,25.0
U10332,Demand,2025-06-05,6,7,0,4,8.0,1,1,0,1,4,0,2025-06,25.0
U10333,Supply,2025-04-25,7,3,6,2,2.0,1,1,1,1,4,0,2025-04,20.0
U10334,Supply,2025-01-07,15,7,2,0,2.0,1,1,1,0,3,0,2025-01,26.0
U10335,Supply,2025-03-21,8,2,2,0,1.0,1,1,1,0,3,0,2025-03,13.0
U10336,Supply,2025-05-24,5,2,2,1,4.0,1,0,1,1,4,0,2025-05,14.0
U10337,Demand,2025-04-07,9,7,0,1,2.0,1,0,1,0,3,0,2025-04,19.0
U10338,Demand,2025-01-04,6,6,0,1,3.0,1,0,0,0,1,1,2025-01,16.0
U10339,Demand,2025-01-04,13,7,0,1,3.0,1,1,1,0,3,0,2025-01,24.0
U10340,Supply,2025-04-13,11,2,2,2,3.0,1,0,0,0,1,1,2025-04,20.0
U10341,Demand,2025-02-09,8,5,0,3,2.0,1,1,1,1,4,0,2025-02,18.0
U10342,Demand,2025-01-17,8,4,0,2,7.0,1,1,0,0,2,1,2025-01,21.0
U10343,Supply,2025-04-11,8,4,4,0,5.0,1,1,1,0,3,0,2025-04,21.0
U10344,Demand,2025-04-13,7,5,0,1,3.0,1,0,1,1,4,0,2025-04,16.0
U10345,Supply,2025-05-04,7,3,2,0,3.0,1,0,0,0,1,1,2025-05,15.0
U10346,Demand,2025-02-21,11,8,0,2,9.0,1,1,0,0,2,1,2025-02,30.0
U10347,Demand,2025-02-21,8,7,0,2,2.0,1,0,0,0,1,1,2025-02,19.0
U10348,Supply,2025-06-13,3,0,1,0,1.0,1,0,0,0,1,1,2025-06,5.0
U10349,Supply,2025-05-04,12,4,0,0,2.0,1,0,0,0,1,1,2025-05,18.0
U10350,Demand,2025-06-15,12,4,0,0,2.0,1,1,1,0,3,0,2025-06,18.0
U10351,Demand,2025-06-27,15,4,0,0,0.0,1,0,0,0,1,1,2025-06,19.0
U10352,Demand,2025-03-04,6,4,0,1,4.0,1,0,0,0,1,1,2025-03,15.0
U10353,Demand,2025-04-26,14,7,0,1,3.0,1,0,0,0,1,1,2025-04,25.0
U10354,Supply,2025-03-03,8,5,0,1,9.0,1,1,0,1,4,0,2025-03,23.0
U10355,Supply,2025-01-07,7,2,1,1,3.0,1,0,0,0,1,1,2025-01,14.0
U10356,Demand,2025-06-04,11,8,0,1,2.0,1,1,1,1,4,0,2025-06,22.0
U10357,Supply,2025-04-02,12,4,1,0,2.0,1,1,1,1,4,0,2025-04,19.0
U10358,Demand,2025-01-14,8,3,0,1,5.0,1,1,1,0,3,0,2025-01,17.0
U10359,Demand,2025-03-27,11,7,0,2,3.0,1,1,0,1,4,0,2025-03,23.0
U10360,Demand,2025-05-13,6,3,0,0,2.0,1,1,1,0,3,0,2025-05,11.0
U10361,Supply,2025-05-10,9,4,2,0,1.0,1,1,1,0,3,0,2025-05,16.0
U10362,Demand,2025-03-03,14,8,0,3,6.0,1,1,1,0,3,0,2025-03,31.0
U10363,Demand,2025-05-29,10,5,0,3,4.0,1,1,1,0,3,0,2025-05,22.0
U10364,Demand,2025-03-20,4,3,0,1,2.0,1,1,1,0,3,0,2025-03,10.0
U10365,Demand,2025-05-29,9,6,0,0,1.0,1,1,1,0,3,0,2025-05,16.0
U10366,Supply,2025-05-18,12,5,2,1,1.0,1,1,0,1,4,0,2025-05,21.0
U10367,Demand,2025-02-27,9,5,0,0,4.0,1,1,0,1,4,0,2025-02,18.0
U10368,Demand,2025-04-30,14,10,0,1,1.0,1,0,1,0,3,0,2025-04,26.0
U10369,Supply,2025-06-16,16,4,1,0,1.0,1,0,0,0,1,1,2025-06,22.0
U10370,Supply,2025-05-13,10,3,1,0,4.0,1,1,1,0,3,0,2025-05,18.0
U10371,Supply,2025-03-06,5,5,2,1,1.0,1,1,1,1,4,0,2025-03,14.0
U10372,Supply,2025-01-13,13,2,2,0,0.0,1,1,1,0,3,0,2025-01,17.0
U10373,Supply,2025-03-23,16,6,1,1,4.0,1,1,0,1,4,0,2025-03,28.0
U10374,Demand,2025-06-22,10,2,0,1,5.0,1,1,1,1,4,0,2025-06,18.0
U10375,Supply,2025-06-09,8,3,2,1,3.0,1,1,0,0,2,1,2025-06,17.0
U10376,Supply,2025-06-13,16,7,6,2,4.0,1,0,1,1,4,0,2025-06,35.0
U10377,Demand,2025-05-19,13,8,0,0,1.0,1,0,1,1,4,0,2025-05,22.0
U10378,Supply,2025-05-29,10,3,3,1,5.0,1,1,0,1,4,0,2025-05,22.0
U10379,Demand,2025-02-21,12,9,0,1,3.0,1,0,1,1,4,0,2025-02,25.0
U10380,Supply,2025-04-27,6,2,0,0,0.0,1,1,0,0,2,1,2025-04,8.0
U10381,Supply,2025-01-26,4,3,2,1,1.0,1,1,1,1,4,0,2025-01,11.0
U10382,Demand,2025-02-03,8,1,0,1,2.0,1,0,0,0,1,1,2025-02,12.0
U10383,Demand,2025-02-21,7,3,0,0,1.0,1,0,0,0,1,1,2025-02,11.0
U10384,Demand,2025-04-22,11,6,0,2,1.0,1,1,1,0,3,0,2025-04,20.0
U10385,Demand,2025-03-23,13,9,0,1,3.0,1,1,0,0,2,1,2025-03,26.0
U10386,Demand,2025-06-29,7,1,0,0,3.0,1,0,0,0,1,1,2025-06,11.0
U10387,Supply,2025-06-06,10,2,1,0,1.0,1,0,0,0,1,1,2025-06,14.0
U10388,Supply,2025-06-15,8,7,2,0,4.0,1,1,0,1,4,0,2025-06,21.0
U10389,Demand,2025-02-11,7,5,0,1,2.0,1,1,1,0,3,0,2025-02,15.0
U10390,Demand,2025-01-21,11,6,0,1,5.0,1,0,0,1,4,0,2025-01,23.0
U10391,Demand,2025-02-11,4,2,0,0,4.0,1,1,1,0,3,0,2025-02,10.0
U10392,Supply,2025-05-21,13,3,1,1,3.0,1,0,1,0,3,0,2025-05,21.0
U10393,Supply,2025-04-23,6,3,2,1,3.0,1,0,0,0,1,1,2025-04,15.0
U10394,Demand,2025-04-15,11,6,0,2,3.0,1,1,0,0,2,1,2025-04,22.0
U10395,Supply,2025-01-17,6,2,2,0,1.0,1,1,1,1,4,0,2025-01,11.0
U10396,Demand,2025-04-30,6,9,0,2,7.0,1,1,0,1,4,0,2025-04,24.0
U10397,Demand,2025-05-17,6,3,0,1,8.0,1,0,1,1,4,0,2025-05,18.0
U10398,Demand,2025-06-18,9,4,0,0,2.0,1,1,0,0,2,1,2025-06,15.0
U10399,Demand,2025-05-09,9,2,0,0,1.0,1,1,0,1,4,0,2025-05,12.0
U10400,Demand,2025-05-10,10,5,0,1,2.0,1,1,1,0,3,0,2025-05,18.0
U10401,Supply,2025-03-01,11,2,0,0,0.0,1,1,1,0,3,0,2025-03,13.0
U10402,Demand,2025-02-17,5,2,0,0,0.0,1,1,0,0,2,1,2025-02,7.0
U10403,Demand,2025-01-29,10,10,0,6,7.0,1,1,0,0,2,1,2025-01,33.0
U10404,Demand,2025-04-07,7,1,0,0,3.0,1,0,0,1,4,0,2025-04,11.0
U10405,Supply,2025-01-10,15,3,5,2,3.0,1,0,1,0,3,0,2025-01,28.0
U10406,Demand,2025-02-27,6,6,0,3,4.0,1,0,0,0,1,1,2025-02,19.0
U10407,Supply,2025-01-21,6,4,1,1,1.0,1,1,1,0,3,0,2025-01,13.0
U10408,Supply,2025-01-28,16,2,5,1,1.0,1,0,0,0,1,1,2025-01,25.0
U10409,Demand,2025-02-03,5,6,0,4,2.0,1,1,1,0,3,0,2025-02,17.0
U10410,Supply,2025-01-08,5,1,1,0,4.0,1,0,0,0,1,1,2025-01,11.0
U10411,Supply,2025-06-26,10,6,3,0,1.0,1,1,0,1,4,0,2025-06,20.0
U10412,Demand,2025-03-20,7,4,0,1,2.0,1,0,0,0,1,1,2025-03,14.0
U10413,Demand,2025-05-25,7,4,0,1,7.0,1,1,0,0,2,1,2025-05,19.0
U10414,Demand,2025-03-28,11,4,0,0,2.0,1,1,0,0,2,1,2025-03,17.0
U10415,Demand,2025-03-29,14,5,0,1,3.0,1,1,1,1,4,0,2025-03,23.0
U10416,Demand,2025-06-22,7,4,0,0,2.0,1,0,0,0,1,1,2025-06,13.0
U10417,Supply,2025-03-10,12,4,3,0,0.0,1,1,0,0,2,1,2025-03,19.0
U10418,Supply,2025-06-09,6,5,3,3,5.0,1,1,1,0,3,0,2025-06,22.0
U10419,Demand,2025-06-21,7,6,0,0,0.0,1,1,1,1,4,0,2025-06,13.0
U10420,Demand,2025-03-28,10,7,0,1,2.0,1,1,0,0,2,1,2025-03,20.0
U10421,Demand,2025-04-11,6,6,0,1,2.0,1,0,0,0,1,1,2025-04,15.0
U10422,Demand,2025-01-08,7,8,0,1,1.0,1,1,1,1,4,0,2025-01,17.0
U10423,Supply,2025-03-18,5,4,1,1,4.0,1,1,0,0,2,1,2025-03,15.0
U10424,Demand,2025-03-28,10,10,0,3,3.0,1,0,1,0,3,0,2025-03,26.0
U10425,Supply,2025-02-12,5,4,2,2,5.0,1,0,1,0,3,0,2025-02,18.0
U10426,Demand,2025-05-09,7,5,0,2,5.0,1,0,1,0,3,0,2025-05,19.0
U10427,Demand,2025-04-19,11,6,0,2,5.0,1,1,0,1,4,0,2025-04,24.0
U10428,Demand,2025-06-28,7,5,0,1,3.0,1,1,0,0,2,1,2025-06,16.0
U10429,Supply,2025-06-01,12,1,3,1,3.0,1,1,1,1,4,0,2025-06,20.0
U10430,Supply,2025-06-01,10,2,3,2,3.0,1,1,1,0,3,0,2025-06,20.0
U10431,Supply,2025-01-17,5,0,2,2,3.0,1,0,0,1,4,0,2025-01,12.0
U10432,Demand,2025-05-13,8,4,0,0,1.0,1,1,1,0,3,0,2025-05,13.0
U10433,Demand,2025-05-28,7,5,0,1,1.0,1,0,0,1,4,0,2025-05,14.0
U10434,Supply,2025-01-21,8,1,0,1,5.0,1,0,0,0,1,1,2025-01,15.0
U10435,Supply,2025-02-27,7,5,3,1,0.0,1,1,1,1,4,0,2025-02,16.0
U10436,Demand,2025-06-08,7,4,0,0,2.0,1,1,1,1,4,0,2025-06,13.0
U10437,Supply,2025-04-20,7,5,4,0,1.0,1,1,1,1,4,0,2025-04,17.0
U10438,Demand,2025-05-19,6,6,0,1,6.0,1,1,1,1,4,0,2025-05,19.0
U10439,Demand,2025-06-29,9,7,0,1,3.0,1,0,0,0,1,1,2025-06,20.0
U10440,Supply,2025-05-23,9,0,0,0,2.0,1,0,1,0,3,0,2025-05,11.0
U10441,Supply,2025-05-15,11,2,1,1,0.0,1,1,1,1,4,0,2025-05,15.0
U10442,Demand,2025-01-28,13,7,0,1,4.0,1,1,1,0,3,0,2025-01,25.0
U10443,Supply,2025-02-20,4,3,1,0,1.0,1,1,0,0,2,1,2025-02,9.0
U10444,Supply,2025-01-05,13,6,2,0,1.0,1,1,1,0,3,0,2025-01,22.0
U10445,Demand,2025-01-05,4,3,0,0,0.0,1,1,0,0,2,1,2025-01,7.0
U10446,Demand,2025-04-04,12,6,0,3,5.0,1,0,0,0,1,1,2025-04,26.0
U10447,Demand,2025-04-06,8,8,0,2,2.0,1,1,1,0,3,0,2025-04,20.0
U10448,Demand,2025-01-08,6,2,0,0,4.0,1,1,1,1,4,0,2025-01,12.0
U10449,Supply,2025-03-05,10,2,3,0,3.0,1,0,1,1,4,0,2025-03,18.0
U10450,Supply,2025-05-18,11,3,3,0,4.0,1,1,1,0,3,0,2025-05,21.0
U10451,Demand,2025-02-07,13,6,0,1,2.0,1,1,1,0,3,0,2025-02,22.0
U10452,Demand,2025-04-21,10,3,0,0,3.0,1,1,1,0,3,0,2025-04,16.0
U10453,Demand,2025-04-22,7,2,0,0,1.0,1,1,0,1,4,0,2025-04,10.0
U10454,Demand,2025-03-22,5,0,0,0,2.0,1,0,1,0,3,0,2025-03,7.0
U10455,Supply,2025-05-16,6,1,0,0,1.0,1,0,1,0,3,0,2025-05,8.0
U10456,Demand,2025-04-14,4,2,0,1,3.0,1,1,1,0,3,0,2025-04,10.0
U10457,Supply,2025-06-02,1,3,2,1,7.0,1,1,1,1,4,0,2025-06,14.0
U10458,Demand,2025-03-14,12,3,0,1,5.0,1,1,1,0,3,0,2025-03,21.0
U10459,Supply,2025-06-27,12,3,3,1,4.0,1,0,0,1,4,0,2025-06,23.0
U10460,Supply,2025-02-18,5,2,0,1,2.0,1,0,0,0,1,1,2025-02,10.0
U10461,Supply,2025-02-05,5,2,1,0,2.0,1,1,1,1,4,0,2025-02,10.0
U10462,Demand,2025-05-06,6,5,0,1,3.0,1,0,1,0,3,0,2025-05,15.0
U10463,Demand,2025-03-09,6,3,0,0,1.0,1,1,1,1,4,0,2025-03,10.0
U10464,Demand,2025-03-19,3,5,0,2,5.0,1,0,1,0,3,0,2025-03,15.0
U10465,Demand,2025-04-15,13,6,0,2,4.0,1,1,1,0,3,0,2025-04,25.0
U10466,Supply,2025-06-18,6,5,1,1,1.0,1,0,0,1,4,0,2025-06,14.0
U10467,Supply,2025-05-02,5,1,3,0,3.0,1,1,0,1,4,0,2025-05,12.0
U10468,Demand,2025-04-29,10,4,0,1,4.0,1,0,0,1,4,0,2025-04,19.0
U10469,Supply,2025-04-24,5,2,0,0,0.0,1,0,0,0,1,1,2025-04,7.0
U10470,Demand,2025-01-10,10,8,0,2,2.0,1,1,1,1,4,0,2025-01,22.0
U10471,Supply,2025-05-29,7,2,2,2,4.0,1,1,1,1,4,0,2025-05,17.0
U10472,Demand,2025-06-13,10,6,0,0,1.0,1,0,0,0,1,1,2025-06,17.0
U10473,Supply,2025-05-20,7,0,5,2,2.0,1,1,0,1,4,0,2025-05,16.0
U10474,Demand,2025-04-01,7,3,0,0,3.0,1,1,0,1,4,0,2025-04,13.0
U10475,Demand,2025-01-02,16,7,0,3,5.0,1,1,0,0,2,1,2025-01,31.0
U10476,Demand,2025-04-28,10,4,0,0,3.0,1,1,1,1,4,0,2025-04,17.0
U10477,Supply,2025-01-13,8,4,1,1,4.0,1,1,1,1,4,0,2025-01,18.0
U10478,Demand,2025-06-09,7,2,0,0,3.0,1,1,1,1,4,0,2025-06,12.0
U10479,Demand,2025-04-05,12,6,0,3,5.0,1,1,0,1,4,0,2025-04,26.0
U10480,Demand,2025-05-24,9,4,0,1,1.0,1,0,0,0,1,1,2025-05,15.0
U10481,Demand,2025-02-01,4,5,0,0,2.0,1,0,0,1,4,0,2025-02,11.0
U10482,Demand,2025-02-01,3,3,0,2,3.0,1,1,1,0,3,0,2025-02,11.0
U10483,Demand,2025-05-04,7,4,0,1,0.0,1,0,0,1,4,0,2025-05,12.0
U10484,Demand,2025-01-11,9,4,0,1,5.0,1,1,0,1,4,0,2025-01,19.0
U10485,Demand,2025-01-10,4,2,0,1,5.0,1,1,0,1,4,0,2025-01,12.0
U10486,Demand,2025-01-15,14,9,0,2,4.0,1,1,0,1,4,0,2025-01,29.0
U10487,Supply,2025-01-17,7,1,4,0,2.0,1,0,0,0,1,1,2025-01,14.0
U10488,Supply,2025-06-17,7,2,5,1,4.0,1,1,1,0,3,0,2025-06,19.0
U10489,Demand,2025-05-26,7,5,0,0,1.0,1,1,0,0,2,1,2025-05,13.0
U10490,Demand,2025-06-02,5,4,0,1,10.0,1,1,1,1,4,0,2025-06,20.0
U10491,Demand,2025-02-28,15,9,0,4,6.0,1,1,1,1,4,0,2025-02,34.0
U10492,Demand,2025-03-19,4,4,0,0,3.0,1,1,0,1,4,0,2025-03,11.0
U10493,Supply,2025-05-04,12,5,2,0,0.0,1,1,1,0,3,0,2025-05,19.0
U10494,Supply,2025-04-24,12,2,1,1,3.0,1,1,1,0,3,0,2025-04,19.0
U10495,Demand,2025-01-22,11,5,0,2,1.0,1,0,1,0,3,0,2025-01,19.0
U10496,Supply,2025-06-07,5,3,3,1,7.0,1,0,1,1,4,0,2025-06,19.0
U10497,Demand,2025-06-21,13,5,0,2,4.0,1,1,1,1,4,0,2025-06,24.0
U10498,Supply,2025-02-01,8,2,6,2,6.0,1,1,1,0,3,0,2025-02,24.0
U10499,Demand,2025-06-28,3,1,0,0,0.0,1,1,0,0,2,1,2025-06,4.0
U10500,Demand,2025-06-23,7,4,0,1,3.0,1,0,0,0,1,1,2025-06,15.0
U10501,Demand,2025-04-23,10,5,0,0,0.0,1,1,1,1,4,0,2025-04,15.0
U10502,Demand,2025-04-30,12,2,0,1,0.0,1,1,0,0,2,1,2025-04,15.0
U10503,Supply,2025-05-29,8,3,1,1,3.0,1,1,1,0,3,0,2025-05,16.0
U10504,Demand,2025-05-02,17,11,0,2,5.0,1,1,1,1,4,0,2025-05,35.0
U10505,Demand,2025-02-01,3,3,0,1,5.0,1,1,1,0,3,0,2025-02,12.0
U10506,Supply,2025-04-29,11,2,3,1,4.0,1,1,0,1,4,0,2025-04,21.0
U10507,Demand,2025-02-08,6,5,0,2,5.0,1,1,1,0,3,0,2025-02,18.0
U10508,Demand,2025-01-12,13,3,0,1,2.0,1,0,1,0,3,0,2025-01,19.0
U10509,Demand,2025-06-24,7,2,0,0,1.0,1,1,1,0,3,0,2025-06,10.0
U10510,Demand,2025-01-18,12,7,0,2,5.0,1,0,1,0,3,0,2025-01,26.0
U10511,Demand,2025-05-29,10,5,0,1,2.0,1,1,0,0,2,1,2025-05,18.0
U10512,Supply,2025-05-21,5,2,1,1,2.0,1,1,1,1,4,0,2025-05,11.0
U10513,Demand,2025-05-29,3,3,0,1,3.0,1,1,1,0,3,0,2025-05,10.0
U10514,Demand,2025-05-06,8,4,0,0,0.0,1,1,0,0,2,1,2025-05,12.0
U10515,Supply,2025-05-16,4,0,1,0,1.0,1,1,0,0,2,1,2025-05,6.0
U10516,Supply,2025-02-15,20,4,7,2,5.0,1,1,0,0,2,1,2025-02,38.0
U10517,Supply,2025-04-14,4,4,1,0,3.0,1,0,0,0,1,1,2025-04,12.0
U10518,Demand,2025-05-15,9,8,0,2,6.0,1,1,1,1,4,0,2025-05,25.0
U10519,Demand,2025-05-31,13,5,0,2,5.0,1,1,0,0,2,1,2025-05,25.0
U10520,Supply,2025-03-27,9,2,2,1,4.0,1,1,1,1,4,0,2025-03,18.0
U10521,Demand,2025-05-30,10,6,0,2,7.0,1,1,1,1,4,0,2025-05,25.0
U10522,Supply,2025-03-30,11,6,2,1,3.0,1,1,1,0,3,0,2025-03,23.0
U10523,Demand,2025-01-22,8,4,0,1,5.0,1,1,1,0,3,0,2025-01,18.0
U10524,Demand,2025-04-02,9,6,0,3,7.0,1,0,0,1,4,0,2025-04,25.0
U10525,Demand,2025-01-29,16,7,0,0,4.0,1,1,1,0,3,0,2025-01,27.0
U10526,Demand,2025-01-13,15,5,0,0,1.0,1,0,1,0,3,0,2025-01,21.0
U10527,Supply,2025-01-02,7,4,1,0,1.0,1,1,1,0,3,0,2025-01,13.0
U10528,Supply,2025-01-29,6,1,1,1,4.0,1,1,1,0,3,0,2025-01,13.0
U10529,Supply,2025-06-29,5,0,4,1,1.0,1,1,0,0,2,1,2025-06,11.0
U10530,Demand,2025-01-27,3,3,0,2,7.0,1,1,0,0,2,1,2025-01,15.0
U10531,Demand,2025-02-19,8,5,0,1,2.0,1,0,1,1,4,0,2025-02,16.0
U10532,Demand,2025-04-05,15,5,0,2,6.0,1,0,1,1,4,0,2025-04,28.0
U10533,Demand,2025-05-31,7,6,0,1,4.0,1,1,1,1,4,0,2025-05,18.0
U10534,Demand,2025-03-29,6,4,0,1,6.0,1,0,0,1,4,0,2025-03,17.0
U10535,Demand,2025-02-13,13,9,0,2,4.0,1,1,1,1,4,0,2025-02,28.0
U10536,Demand,2025-01-22,12,6,0,0,2.0,1,1,1,1,4,0,2025-01,20.0
U10537,Demand,2025-06-20,5,1,0,0,1.0,1,0,0,0,1,1,2025-06,7.0
U10538,Supply,2025-06-14,6,3,3,1,6.0,1,0,0,0,1,1,2025-06,19.0
U10539,Demand,2025-04-07,11,4,0,0,1.0,1,1,0,0,2,1,2025-04,16.0
U10540,Supply,2025-01-03,4,1,2,0,3.0,1,0,0,0,1,1,2025-01,10.0
U10541,Demand,2025-04-28,14,10,0,2,3.0,1,1,1,1,4,0,2025-04,29.0
U10542,Demand,2025-01-19,9,3,0,1,1.0,1,0,0,0,1,1,2025-01,14.0
U10543,Supply,2025-01-23,10,4,2,2,7.0,1,1,0,1,4,0,2025-01,25.0
U10544,Demand,2025-06-06,3,3,0,0,0.0,1,1,0,0,2,1,2025-06,6.0
U10545,Demand,2025-01-30,5,2,0,1,1.0,1,1,1,0,3,0,2025-01,9.0
U10546,Supply,2025-02-08,4,2,2,0,2.0,1,1,0,0,2,1,2025-02,10.0
U10547,Supply,2025-04-18,7,1,1,1,2.0,1,1,1,1,4,0,2025-04,12.0
U10548,Demand,2025-04-21,17,7,0,2,1.0,1,1,1,1,4,0,2025-04,27.0
U10549,Demand,2025-01-25,9,5,0,0,0.0,1,1,1,1,4,0,2025-01,14.0
U10550,Demand,2025-05-08,5,3,0,1,3.0,1,1,0,0,2,1,2025-05,12.0
U10551,Demand,2025-04-21,8,5,0,2,2.0,1,0,0,0,1,1,2025-04,17.0
U10552,Demand,2025-05-16,7,1,0,0,1.0,1,0,0,0,1,1,2025-05,9.0
U10553,Demand,2025-04-16,14,6,0,1,2.0,1,1,1,1,4,0,2025-04,23.0
U10554,Demand,2025-05-24,10,0,0,0,2.0,1,1,0,1,4,0,2025-05,12.0
U10555,Demand,2025-03-13,5,8,0,1,4.0,1,1,0,1,4,0,2025-03,18.0
U10556,Supply,2025-05-09,7,2,2,0,4.0,1,0,0,0,1,1,2025-05,15.0
U10557,Supply,2025-04-18,3,1,1,0,2.0,1,0,0,0,1,1,2025-04,7.0
U10558,Supply,2025-01-05,5,6,1,1,1.0,1,0,1,1,4,0,2025-01,14.0
U10559,Demand,2025-01-03,6,5,0,1,5.0,1,0,0,0,1,1,2025-01,17.0
U10560,Demand,2025-05-12,9,8,0,3,5.0,1,0,1,0,3,0,2025-05,25.0
U10561,Demand,2025-04-14,9,5,0,1,5.0,1,1,0,1,4,0,2025-04,20.0
U10562,Supply,2025-03-05,8,3,2,0,1.0,1,0,0,0,1,1,2025-03,14.0
U10563,Supply,2025-04-16,17,5,2,1,2.0,1,1,1,0,3,0,2025-04,27.0
U10564,Supply,2025-04-08,7,3,2,0,2.0,1,0,0,0,1,1,2025-04,14.0
U10565,Supply,2025-01-10,8,2,4,0,0.0,1,0,0,0,1,1,2025-01,14.0
U10566,Demand,2025-05-29,8,3,0,0,3.0,1,0,1,1,4,0,2025-05,14.0
U10567,Supply,2025-05-08,11,1,6,1,3.0,1,1,0,1,4,0,2025-05,22.0
U10568,Demand,2025-02-15,4,5,0,2,5.0,1,1,0,0,2,1,2025-02,16.0
U10569,Demand,2025-06-04,9,2,0,1,4.0,1,0,1,1,4,0,2025-06,16.0
U10570,Supply,2025-03-07,14,7,4,1,4.0,1,1,1,1,4,0,2025-03,30.0
U10571,Demand,2025-06-18,9,7,0,0,2.0,1,0,1,1,4,0,2025-06,18.0
U10572,Demand,2025-04-22,5,4,0,2,7.0,1,0,1,0,3,0,2025-04,18.0
U10573,Supply,2025-01-13,4,1,2,1,3.0,1,1,1,1,4,0,2025-01,11.0
U10574,Demand,2025-05-17,6,3,0,2,2.0,1,1,1,1,4,0,2025-05,13.0
U10575,Demand,2025-06-13,5,8,0,1,7.0,1,0,1,1,4,0,2025-06,21.0
U10576,Demand,2025-03-27,7,5,0,0,2.0,1,0,0,0,1,1,2025-03,14.0
U10577,Supply,2025-03-31,8,2,1,0,1.0,1,0,0,0,1,1,2025-03,12.0
U10578,Demand,2025-02-27,5,4,0,1,2.0,1,1,1,0,3,0,2025-02,12.0
U10579,Demand,2025-02-23,6,4,0,2,3.0,1,0,1,0,3,0,2025-02,15.0
U10580,Supply,2025-01-12,9,6,0,0,2.0,1,1,0,0,2,1,2025-01,17.0
U10581,Demand,2025-01-14,6,6,0,1,0.0,1,1,1,1,4,0,2025-01,13.0
U10582,Demand,2025-05-01,8,4,0,1,1.0,1,1,1,1,4,0,2025-05,14.0
U10583,Demand,2025-06-11,10,3,0,0,4.0,1,0,0,0,1,1,2025-06,17.0
U10584,Supply,2025-05-01,7,1,2,0,0.0,1,1,1,0,3,0,2025-05,10.0
U10585,Demand,2025-01-20,11,5,0,0,4.0,1,0,0,0,1,1,2025-01,20.0
U10586,Supply,2025-03-16,12,3,5,4,8.0,1,0,1,1,4,0,2025-03,32.0
U10587,Supply,2025-05-24,11,1,2,0,2.0,1,0,1,0,3,0,2025-05,16.0
U10588,Supply,2025-03-11,15,4,4,2,4.0,1,0,1,1,4,0,2025-03,29.0
U10589,Supply,2025-02-25,7,7,2,0,0.0,1,1,1,1,4,0,2025-02,16.0
U10590,Supply,2025-04-11,12,1,3,2,2.0,1,1,1,0,3,0,2025-04,20.0
U10591,Supply,2025-05-12,7,5,0,0,0.0,1,0,0,0,1,1,2025-05,12.0
U10592,Demand,2025-04-21,10,6,0,1,5.0,1,0,0,1,4,0,2025-04,22.0
U10593,Supply,2025-05-05,8,3,4,1,2.0,1,1,1,1,4,0,2025-05,18.0
U10594,Supply,2025-05-12,9,5,0,0,4.0,1,0,0,0,1,1,2025-05,18.0
U10595,Demand,2025-01-20,10,6,0,2,6.0,1,0,0,0,1,1,2025-01,24.0
U10596,Demand,2025-05-18,5,3,0,2,2.0,1,1,0,1,4,0,2025-05,12.0
U10597,Demand,2025-01-24,7,6,0,1,2.0,1,1,1,0,3,0,2025-01,16.0
U10598,Supply,2025-06-03,10,5,2,1,4.0,1,1,0,0,2,1,2025-06,22.0
U10599,Supply,2025-02-06,11,4,0,0,1.0,1,1,1,1,4,0,2025-02,16.0
U10600,Supply,2025-02-23,8,4,1,0,2.0,1,1,0,0,2,1,2025-02,15.0
U10601,Supply,2025-04-13,6,6,1,1,4.0,1,1,0,1,4,0,2025-04,18.0
U10602,Supply,2025-05-29,7,2,2,0,2.0,1,1,1,1,4,0,2025-05,13.0
U10603,Supply,2025-02-07,8,3,4,0,2.0,1,1,1,1,4,0,2025-02,17.0
U10604,Supply,2025-06-23,15,2,4,2,5.0,1,1,1,1,4,0,2025-06,28.0
U10605,Supply,2025-01-04,12,3,4,1,1.0,1,1,0,0,2,1,2025-01,21.0
U10606,Demand,2025-02-26,5,3,0,1,3.0,1,1,1,1,4,0,2025-02,12.0
U10607,Supply,2025-06-22,7,3,1,1,1.0,1,0,1,0,3,0,2025-06,13.0
U10608,Supply,2025-01-20,5,1,1,0,0.0,1,1,1,1,4,0,2025-01,7.0
U10609,Demand,2025-01-17,11,4,0,2,8.0,1,1,1,0,3,0,2025-01,25.0
U10610,Demand,2025-04-29,6,4,0,1,5.0,1,1,1,0,3,0,2025-04,16.0
U10611,Supply,2025-03-12,12,1,5,2,5.0,1,1,1,1,4,0,2025-03,25.0
U10612,Demand,2025-01-04,8,5,0,1,6.0,1,1,1,1,4,0,2025-01,20.0
U10613,Demand,2025-01-14,9,6,0,1,4.0,1,0,1,1,4,0,2025-01,20.0
U10614,Supply,2025-01-03,2,3,1,0,4.0,1,0,0,0,1,1,2025-01,10.0
U10615,Demand,2025-03-21,5,5,0,1,5.0,1,0,0,0,1,1,2025-03,16.0
U10616,Demand,2025-02-24,9,6,0,2,4.0,1,1,1,0,3,0,2025-02,21.0
U10617,Supply,2025-05-12,8,4,2,1,3.0,1,1,0,1,4,0,2025-05,18.0
U10618,Supply,2025-04-30,11,5,1,1,3.0,1,1,1,0,3,0,2025-04,21.0
U10619,Demand,2025-01-24,13,10,0,2,3.0,1,0,0,0,1,1,2025-01,28.0
U10620,Demand,2025-06-11,15,4,0,0,1.0,1,1,1,1,4,0,2025-06,20.0
U10621,Supply,2025-06-07,4,3,0,0,0.0,1,0,0,0,1,1,2025-06,7.0
U10622,Supply,2025-03-23,16,3,8,2,2.0,1,1,1,1,4,0,2025-03,31.0
U10623,Supply,2025-05-27,10,2,3,1,2.0,1,1,0,1,4,0,2025-05,18.0
U10624,Demand,2025-06-08,9,4,0,2,3.0,1,0,1,0,3,0,2025-06,18.0
U10625,Demand,2025-03-01,6,3,0,0,4.0,1,0,0,0,1,1,2025-03,13.0
U10626,Supply,2025-05-27,4,0,1,0,2.0,1,1,1,0,3,0,2025-05,7.0
U10627,Demand,2025-02-18,13,7,0,1,9.0,1,1,0,0,2,1,2025-02,30.0
U10628,Demand,2025-03-04,12,4,0,1,2.0,1,0,1,0,3,0,2025-03,19.0
U10629,Supply,2025-04-20,8,2,2,1,3.0,1,0,1,0,3,0,2025-04,16.0
U10630,Supply,2025-05-30,5,1,4,2,5.0,1,0,0,1,4,0,2025-05,17.0
U10631,Demand,2025-06-01,8,3,0,1,6.0,1,1,0,1,4,0,2025-06,18.0
U10632,Demand,2025-04-19,16,6,0,3,6.0,1,1,1,1,4,0,2025-04,31.0
U10633,Demand,2025-03-17,16,5,0,1,4.0,1,1,0,0,2,1,2025-03,26.0
U10634,Demand,2025-01-30,7,8,0,3,8.0,1,1,1,0,3,0,2025-01,26.0
U10635,Supply,2025-02-27,7,5,1,1,0.0,1,1,0,1,4,0,2025-02,14.0
U10636,Demand,2025-04-27,7,4,0,1,4.0,1,1,0,0,2,1,2025-04,16.0
U10637,Demand,2025-06-08,9,5,0,1,5.0,1,0,0,1,4,0,2025-06,20.0
U10638,Supply,2025-04-10,9,3,1,1,7.0,1,1,1,1,4,0,2025-04,21.0
U10639,Supply,2025-01-19,10,3,2,0,4.0,1,0,0,0,1,1,2025-01,19.0
U10640,Supply,2025-06-25,2,0,2,1,6.0,1,1,0,1,4,0,2025-06,11.0
U10641,Supply,2025-06-22,5,3,1,1,2.0,1,1,1,1,4,0,2025-06,12.0
U10642,Supply,2025-04-04,13,3,2,0,1.0,1,1,0,1,4,0,2025-04,19.0
U10643,Supply,2025-04-23,16,4,2,1,5.0,1,1,1,1,4,0,2025-04,28.0
U10644,Supply,2025-05-26,4,2,0,1,5.0,1,0,1,0,3,0,2025-05,12.0
U10645,Supply,2025-03-04,6,2,0,0,2.0,1,1,1,1,4,0,2025-03,10.0
U10646,Demand,2025-04-26,5,4,0,1,2.0,1,1,1,0,3,0,2025-04,12.0
U10647,Demand,2025-04-23,11,5,0,0,3.0,1,0,0,0,1,1,2025-04,19.0
U10648,Demand,2025-02-16,13,7,0,2,5.0,1,1,0,0,2,1,2025-02,27.0
U10649,Demand,2025-02-26,12,7,0,3,12.0,1,1,1,0,3,0,2025-02,34.0
U10650,Demand,2025-04-28,13,8,0,0,0.0,1,1,0,1,4,0,2025-04,21.0
U10651,Supply,2025-02-14,7,3,3,0,2.0,1,1,1,1,4,0,2025-02,15.0
U10652,Demand,2025-06-10,7,3,0,0,2.0,1,1,1,0,3,0,2025-06,12.0
U10653,Demand,2025-05-25,10,7,0,0,2.0,1,0,1,0,3,0,2025-05,19.0
U10654,Demand,2025-01-04,4,2,0,1,5.0,1,0,0,0,1,1,2025-01,12.0
U10655,Demand,2025-05-28,9,4,0,1,3.0,1,1,0,0,2,1,2025-05,17.0
U10656,Supply,2025-02-16,14,3,4,2,2.0,1,1,1,1,4,0,2025-02,25.0
U10657,Supply,2025-05-23,10,3,2,2,3.0,1,1,0,1,4,0,2025-05,20.0
U10658,Supply,2025-02-16,5,0,2,0,2.0,1,0,0,0,1,1,2025-02,9.0
U10659,Demand,2025-03-19,6,3,0,1,5.0,1,1,1,1,4,0,2025-03,15.0
U10660,Demand,2025-05-04,8,3,0,0,3.0,1,0,1,1,4,0,2025-05,14.0
U10661,Supply,2025-03-16,8,3,1,0,1.0,1,0,0,0,1,1,2025-03,13.0
U10662,Demand,2025-04-13,5,3,0,0,1.0,1,0,1,0,3,0,2025-04,9.0
U10663,Demand,2025-05-17,5,8,0,5,9.0,1,1,1,0,3,0,2025-05,27.0
U10664,Supply,2025-03-31,11,4,1,0,2.0,1,1,0,1,4,0,2025-03,18.0
U10665,Supply,2025-05-24,5,1,2,0,3.0,1,1,0,1,4,0,2025-05,11.0
U10666,Supply,2025-03-10,14,1,3,1,1.0,1,1,1,1,4,0,2025-03,20.0
U10667,Supply,2025-03-02,4,3,1,0,4.0,1,0,0,1,4,0,2025-03,12.0
U10668,Supply,2025-05-18,8,2,1,1,3.0,1,0,0,0,1,1,2025-05,15.0
U10669,Supply,2025-02-19,13,1,5,2,6.0,1,1,0,0,2,1,2025-02,27.0
U10670,Supply,2025-01-03,16,7,3,1,5.0,1,1,1,0,3,0,2025-01,32.0
U10671,Supply,2025-04-17,13,4,3,1,4.0,1,1,0,0,2,1,2025-04,25.0
U10672,Demand,2025-04-23,8,7,0,2,7.0,1,0,0,0,1,1,2025-04,24.0
U10673,Supply,2025-04-04,4,2,2,0,1.0,1,1,0,0,2,1,2025-04,9.0
U10674,Demand,2025-04-28,17,10,0,2,7.0,1,1,1,1,4,0,2025-04,36.0
U10675,Supply,2025-03-22,8,4,3,0,2.0,1,1,0,0,2,1,2025-03,17.0
U10676,Demand,2025-04-19,7,7,0,1,3.0,1,1,0,1,4,0,2025-04,18.0
U10677,Supply,2025-02-20,9,4,4,1,4.0,1,1,0,1,4,0,2025-02,22.0
U10678,Supply,2025-05-27,11,1,2,1,1.0,1,1,1,1,4,0,2025-05,16.0
U10679,Demand,2025-06-19,5,3,0,0,2.0,1,1,1,0,3,0,2025-06,10.0
U10680,Demand,2025-02-04,7,3,0,0,2.0,1,0,0,0,1,1,2025-02,12.0
U10681,Demand,2025-02-15,9,5,0,2,3.0,1,1,1,0,3,0,2025-02,19.0
U10682,Supply,2025-06-03,9,3,2,1,4.0,1,1,1,1,4,0,2025-06,19.0
U10683,Supply,2025-03-10,10,2,0,0,3.0,1,0,0,1,4,0,2025-03,15.0
U10684,Demand,2025-04-03,4,5,0,1,2.0,1,1,0,1,4,0,2025-04,12.0
U10685,Demand,2025-03-05,15,10,0,3,4.0,1,1,0,1,4,0,2025-03,32.0
U10686,Demand,2025-06-14,8,5,0,1,1.0,1,1,0,0,2,1,2025-06,15.0
U10687,Demand,2025-02-18,13,8,0,2,5.0,1,1,1,1,4,0,2025-02,28.0
U10688,Supply,2025-05-29,10,4,3,0,1.0,1,1,1,0,3,0,2025-05,18.0
U10689,Demand,2025-03-15,8,4,0,0,2.0,1,0,1,1,4,0,2025-03,14.0
U10690,Supply,2025-01-05,13,3,5,1,4.0,1,1,0,0,2,1,2025-01,26.0
U10691,Supply,2025-04-10,11,2,4,1,1.0,1,0,1,0,3,0,2025-04,19.0
U10692,Demand,2025-03-11,11,4,0,0,2.0,1,0,1,0,3,0,2025-03,17.0
U10693,Demand,2025-03-31,10,6,0,2,5.0,1,1,1,1,4,0,2025-03,23.0
U10694,Supply,2025-01-04,6,2,2,1,3.0,1,1,1,1,4,0,2025-01,14.0
U10695,Supply,2025-05-06,10,2,2,2,6.0,1,0,0,0,1,1,2025-05,22.0
U10696,Demand,2025-02-08,15,7,0,3,8.0,1,1,0,0,2,1,2025-02,33.0
U10697,Supply,2025-06-12,8,5,5,2,2.0,1,1,0,0,2,1,2025-06,22.0
U10698,Demand,2025-05-09,12,6,0,1,3.0,1,0,0,0,1,1,2025-05,22.0
U10699,Supply,2025-01-24,14,2,1,0,1.0,1,0,0,0,1,1,2025-01,18.0
U10700,Demand,2025-02-26,4,3,0,0,2.0,1,1,0,0,2,1,2025-02,9.0
U10701,Demand,2025-04-10,13,9,0,1,5.0,1,0,1,0,3,0,2025-04,28.0
U10702,Supply,2025-03-11,16,4,6,2,4.0,1,0,0,0,1,1,2025-03,32.0
U10703,Supply,2025-02-10,12,1,0,0,0.0,1,0,1,0,3,0,2025-02,13.0
U10704,Supply,2025-06-23,14,6,7,1,3.0,1,1,1,0,3,0,2025-06,31.0
U10705,Supply,2025-03-01,7,1,1,0,0.0,1,0,0,0,1,1,2025-03,9.0
U10706,Demand,2025-04-18,9,6,0,1,3.0,1,0,0,1,4,0,2025-04,19.0
U10707,Supply,2025-02-26,6,4,2,1,3.0,1,1,0,1,4,0,2025-02,16.0
U10708,Demand,2025-01-31,11,5,0,1,2.0,1,0,0,0,1,1,2025-01,19.0
U10709,Supply,2025-03-25,11,3,1,0,0.0,1,0,0,1,4,0,2025-03,15.0
U10710,Demand,2025-06-01,9,6,0,1,0.0,1,1,0,1,4,0,2025-06,16.0
U10711,Demand,2025-02-05,4,5,0,1,1.0,1,0,1,0,3,0,2025-02,11.0
U10712,Demand,2025-06-07,7,4,0,0,4.0,1,1,1,1,4,0,2025-06,15.0
U10713,Demand,2025-06-01,7,4,0,3,5.0,1,1,1,1,4,0,2025-06,19.0
U10714,Supply,2025-04-18,9,3,2,0,3.0,1,1,1,0,3,0,2025-04,17.0
U10715,Supply,2025-04-16,7,2,2,0,1.0,1,1,1,1,4,0,2025-04,12.0
U10716,Demand,2025-06-07,7,3,0,0,6.0,1,1,1,0,3,0,2025-06,16.0
U10717,Demand,2025-03-27,6,4,0,2,4.0,1,1,1,1,4,0,2025-03,16.0
U10718,Demand,2025-05-15,5,3,0,0,3.0,1,0,1,0,3,0,2025-05,11.0
U10719,Supply,2025-06-12,8,6,3,1,3.0,1,0,1,1,4,0,2025-06,21.0
U10720,Demand,2025-01-14,10,7,0,1,3.0,1,1,1,1,4,0,2025-01,21.0
U10721,Demand,2025-04-30,9,8,0,2,8.0,1,1,0,1,4,0,2025-04,27.0
U10722,Supply,2025-05-18,8,1,2,0,2.0,1,0,0,0,1,1,2025-05,13.0
U10723,Supply,2025-03-21,13,7,7,2,8.0,1,1,0,1,4,0,2025-03,37.0
U10724,Demand,2025-05-24,4,4,0,3,6.0,1,0,1,0,3,0,2025-05,17.0
U10725,Demand,2025-04-16,6,10,0,3,4.0,1,0,0,0,1,1,2025-04,23.0
U10726,Demand,2025-03-11,7,3,0,1,5.0,1,0,0,0,1,1,2025-03,16.0
U10727,Supply,2025-02-13,14,1,5,1,3.0,1,1,1,1,4,0,2025-02,24.0
U10728,Demand,2025-03-14,10,6,0,2,6.0,1,0,1,0,3,0,2025-03,24.0
U10729,Supply,2025-02-14,6,1,1,1,2.0,1,1,1,1,4,0,2025-02,11.0
U10730,Supply,2025-04-17,7,6,2,2,3.0,1,0,1,1,4,0,2025-04,20.0
U10731,Supply,2025-03-25,10,3,2,0,4.0,1,1,1,0,3,0,2025-03,19.0
U10732,Demand,2025-03-23,11,7,0,1,6.0,1,1,0,1,4,0,2025-03,25.0
U10733,Demand,2025-04-17,8,3,0,1,4.0,1,1,1,1,4,0,2025-04,16.0
U10734,Demand,2025-01-21,12,5,0,3,5.0,1,1,1,1,4,0,2025-01,25.0
U10735,Supply,2025-06-27,4,5,0,0,4.0,1,1,1,0,3,0,2025-06,13.0
U10736,Demand,2025-06-10,8,7,0,1,4.0,1,0,1,1,4,0,2025-06,20.0
U10737,Supply,2025-01-07,7,4,1,0,2.0,1,1,1,1,4,0,2025-01,14.0
U10738,Demand,2025-03-11,11,6,0,0,3.0,1,1,1,0,3,0,2025-03,20.0
U10739,Demand,2025-05-07,4,6,0,1,5.0,1,1,1,0,3,0,2025-05,16.0
U10740,Supply,2025-05-23,13,3,2,1,1.0,1,1,0,0,2,1,2025-05,20.0
U10741,Demand,2025-06-09,10,6,0,1,4.0,1,0,1,0,3,0,2025-06,21.0
U10742,Supply,2025-05-28,8,4,1,0,1.0,1,1,0,0,2,1,2025-05,14.0
U10743,Demand,2025-05-23,12,4,0,1,4.0,1,0,1,1,4,0,2025-05,21.0
U10744,Demand,2025-06-25,6,7,0,4,7.0,1,1,1,1,4,0,2025-06,24.0
U10745,Supply,2025-05-29,10,3,5,4,8.0,1,1,1,1,4,0,2025-05,30.0
U10746,Demand,2025-06-19,3,4,0,1,5.0,1,0,0,0,1,1,2025-06,13.0
U10747,Supply,2025-06-03,8,2,0,0,0.0,1,0,1,1,4,0,2025-06,10.0
U10748,Demand,2025-04-30,11,6,0,1,6.0,1,1,1,1,4,0,2025-04,24.0
U10749,Demand,2025-05-08,6,9,0,2,4.0,1,1,0,1,4,0,2025-05,21.0
U10750,Demand,2025-05-22,13,5,0,0,0.0,1,0,0,1,4,0,2025-05,18.0
U10751,Supply,2025-02-26,4,2,1,0,4.0,1,1,0,0,2,1,2025-02,11.0
U10752,Demand,2025-06-14,4,5,0,1,2.0,1,1,1,0,3,0,2025-06,12.0
U10753,Demand,2025-02-27,7,3,0,0,3.0,1,1,0,1,4,0,2025-02,13.0
U10754,Supply,2025-01-21,10,3,4,1,4.0,1,1,1,1,4,0,2025-01,22.0
U10755,Supply,2025-03-23,13,4,1,0,1.0,1,1,1,1,4,0,2025-03,19.0
U10756,Demand,2025-03-10,13,10,0,2,5.0,1,1,1,0,3,0,2025-03,30.0
U10757,Demand,2025-05-11,6,3,0,0,0.0,1,0,0,0,1,1,2025-05,9.0
U10758,Demand,2025-03-28,10,4,0,0,2.0,1,0,0,1,4,0,2025-03,16.0
U10759,Demand,2025-06-14,3,1,0,0,1.0,1,1,0,0,2,1,2025-06,5.0
U10760,Demand,2025-02-18,7,3,0,1,0.0,1,1,0,0,2,1,2025-02,11.0
U10761,Supply,2025-05-27,14,3,3,0,0.0,1,1,0,0,2,1,2025-05,20.0
U10762,Supply,2025-04-25,9,4,0,1,6.0,1,1,0,1,4,0,2025-04,20.0
U10763,Supply,2025-03-30,9,5,0,0,2.0,1,0,1,1,4,0,2025-03,16.0
U10764,Demand,2025-03-26,14,8,0,3,5.0,1,1,1,0,3,0,2025-03,30.0
U10765,Supply,2025-05-08,10,2,2,0,2.0,1,0,0,0,1,1,2025-05,16.0
U10766,Demand,2025-05-20,12,6,0,1,4.0,1,1,1,0,3,0,2025-05,23.0
U10767,Demand,2025-06-18,12,6,0,0,1.0,1,1,0,1,4,0,2025-06,19.0
U10768,Demand,2025-06-10,9,3,0,0,1.0,1,0,1,0,3,0,2025-06,13.0
U10769,Supply,2025-06-27,5,3,2,1,6.0,1,0,0,0,1,1,2025-06,17.0
U10770,Demand,2025-04-27,11,5,0,0,1.0,1,1,1,1,4,0,2025-04,17.0
U10771,Supply,2025-05-07,5,2,1,1,1.0,1,1,0,0,2,1,2025-05,10.0
U10772,Demand,2025-03-12,7,4,0,2,6.0,1,1,1,1,4,0,2025-03,19.0
U10773,Supply,2025-03-27,13,1,3,0,1.0,1,0,0,0,1,1,2025-03,18.0
U10774,Supply,2025-02-02,4,3,1,0,0.0,1,1,1,0,3,0,2025-02,8.0
U10775,Demand,2025-03-22,4,5,0,0,3.0,1,0,1,1,4,0,2025-03,12.0
U10776,Supply,2025-06-01,10,3,1,0,5.0,1,0,1,0,3,0,2025-06,19.0
U10777,Supply,2025-03-02,11,1,5,3,3.0,1,1,0,0,2,1,2025-03,23.0
U10778,Demand,2025-03-02,4,5,0,3,9.0,1,1,1,1,4,0,2025-03,21.0
U10779,Demand,2025-04-08,12,7,0,1,2.0,1,1,1,1,4,0,2025-04,22.0
U10780,Demand,2025-01-28,11,2,0,0,2.0,1,1,0,0,2,1,2025-01,15.0
U10781,Demand,2025-02-12,11,10,0,2,3.0,1,0,1,0,3,0,2025-02,26.0
U10782,Demand,2025-06-18,5,3,0,0,4.0,1,0,1,0,3,0,2025-06,12.0
U10783,Supply,2025-06-16,14,4,3,0,2.0,1,1,1,0,3,0,2025-06,23.0
U10784,Supply,2025-03-27,11,4,1,0,1.0,1,0,1,0,3,0,2025-03,17.0
U10785,Supply,2025-06-26,9,1,3,2,5.0,1,1,0,1,4,0,2025-06,20.0
U10786,Demand,2025-01-17,8,4,0,2,8.0,1,1,0,0,2,1,2025-01,22.0
U10787,Demand,2025-04-08,11,5,0,1,1.0,1,1,0,0,2,1,2025-04,18.0
U10788,Supply,2025-04-08,7,2,1,0,3.0,1,0,0,0,1,1,2025-04,13.0
U10789,Demand,2025-03-06,11,5,0,0,2.0,1,1,0,0,2,1,2025-03,18.0
U10790,Demand,2025-03-15,6,5,0,2,3.0,1,1,1,0,3,0,2025-03,16.0
U10791,Supply,2025-03-26,15,7,1,1,8.0,1,1,0,1,4,0,2025-03,32.0
U10792,Demand,2025-01-05,14,8,0,1,2.0,1,0,1,0,3,0,2025-01,25.0
U10793,Demand,2025-01-02,9,4,0,1,0.0,1,1,0,1,4,0,2025-01,14.0
U10794,Demand,2025-01-22,6,2,0,0,1.0,1,1,1,0,3,0,2025-01,9.0
U10795,Supply,2025-04-22,13,3,3,0,1.0,1,1,1,1,4,0,2025-04,20.0
U10796,Demand,2025-02-26,12,8,0,1,4.0,1,1,1,1,4,0,2025-02,25.0
U10797,Demand,2025-03-07,6,1,0,0,0.0,1,0,1,0,3,0,2025-03,7.0
U10798,Demand,2025-03-15,4,5,0,2,3.0,1,1,1,1,4,0,2025-03,14.0
U10799,Demand,2025-04-08,11,3,0,0,1.0,1,1,0,0,2,1,2025-04,15.0
U10800,Demand,2025-05-24,16,6,0,2,1.0,1,1,0,1,4,0,2025-05,25.0
U10801,Demand,2025-04-22,6,7,0,0,2.0,1,1,1,1,4,0,2025-04,15.0
U10802,Supply,2025-06-28,4,0,2,0,3.0,1,0,1,1,4,0,2025-06,9.0
U10803,Demand,2025-05-05,12,4,0,1,4.0,1,1,1,0,3,0,2025-05,21.0
U10804,Demand,2025-06-16,5,4,0,0,2.0,1,1,0,1,4,0,2025-06,11.0
U10805,Demand,2025-03-27,10,3,0,0,3.0,1,1,1,1,4,0,2025-03,16.0
U10806,Demand,2025-03-17,6,4,0,1,5.0,1,1,1,1,4,0,2025-03,16.0
U10807,Demand,2025-03-29,11,7,0,0,7.0,1,0,1,1,4,0,2025-03,25.0
U10808,Demand,2025-06-17,13,5,0,0,1.0,1,1,1,1,4,0,2025-06,19.0
U10809,Demand,2025-02-07,9,6,0,1,5.0,1,1,1,0,3,0,2025-02,21.0
U10810,Supply,2025-02-28,4,0,1,1,1.0,1,1,1,0,3,0,2025-02,7.0
U10811,Demand,2025-05-18,7,7,0,3,3.0,1,1,0,1,4,0,2025-05,20.0
U10812,Demand,2025-04-09,9,7,0,1,3.0,1,1,1,0,3,0,2025-04,20.0
U10813,Supply,2025-03-04,3,1,0,0,5.0,1,1,1,1,4,0,2025-03,9.0
U10814,Demand,2025-02-18,13,6,0,1,2.0,1,0,1,0,3,0,2025-02,22.0
U10815,Demand,2025-02-01,5,2,0,1,4.0,1,1,1,0,3,0,2025-02,12.0
U10816,Demand,2025-05-15,5,2,0,0,1.0,1,1,0,0,2,1,2025-05,8.0
U10817,Demand,2025-01-21,7,4,0,1,6.0,1,0,1,0,3,0,2025-01,18.0
U10818,Supply,2025-01-20,4,2,1,0,1.0,1,1,1,1,4,0,2025-01,8.0
U10819,Supply,2025-06-03,5,2,1,0,0.0,1,0,0,0,1,1,2025-06,8.0
U10820,Supply,2025-05-07,16,8,0,1,4.0,1,0,1,1,4,0,2025-05,29.0
U10821,Demand,2025-03-09,9,1,0,0,0.0,1,1,1,1,4,0,2025-03,10.0
U10822,Supply,2025-04-20,7,1,2,2,6.0,1,1,0,0,2,1,2025-04,18.0
U10823,Supply,2025-04-26,8,2,1,1,4.0,1,0,1,1,4,0,2025-04,16.0
U10824,Supply,2025-05-23,16,2,4,1,3.0,1,1,1,1,4,0,2025-05,26.0
U10825,Demand,2025-04-30,10,5,0,1,4.0,1,1,1,1,4,0,2025-04,20.0
U10826,Demand,2025-03-20,4,4,0,0,2.0,1,0,1,1,4,0,2025-03,10.0
U10827,Supply,2025-04-26,12,6,3,0,3.0,1,1,1,0,3,0,2025-04,24.0
U10828,Supply,2025-04-02,1,1,3,2,6.0,1,1,1,1,4,0,2025-04,13.0
U10829,Demand,2025-01-14,3,2,0,0,1.0,1,1,1,1,4,0,2025-01,6.0
U10830,Demand,2025-06-04,10,5,0,1,6.0,1,1,1,1,4,0,2025-06,22.0
U10831,Supply,2025-05-05,6,4,0,0,5.0,1,1,0,0,2,1,2025-05,15.0
U10832,Demand,2025-06-17,7,6,0,1,5.0,1,1,0,1,4,0,2025-06,19.0
U10833,Supply,2025-02-27,8,3,3,2,4.0,1,0,0,0,1,1,2025-02,20.0
U10834,Supply,2025-01-28,7,1,2,0,0.0,1,0,0,0,1,1,2025-01,10.0
U10835,Demand,2025-01-26,17,10,0,2,8.0,1,0,1,1,4,0,2025-01,37.0
U10836,Supply,2025-04-23,12,3,4,2,4.0,1,1,0,1,4,0,2025-04,25.0
U10837,Demand,2025-03-07,16,11,0,2,7.0,1,1,1,0,3,0,2025-03,36.0
U10838,Supply,2025-06-02,7,2,5,1,6.0,1,0,0,0,1,1,2025-06,21.0
U10839,Demand,2025-05-11,10,6,0,1,2.0,1,0,0,0,1,1,2025-05,19.0
U10840,Demand,2025-02-13,10,6,0,2,7.0,1,1,1,0,3,0,2025-02,25.0
U10841,Supply,2025-04-07,13,3,8,5,8.0,1,1,1,1,4,0,2025-04,37.0
U10842,Demand,2025-02-11,12,7,0,1,6.0,1,1,1,1,4,0,2025-02,26.0
U10843,Supply,2025-01-06,8,2,3,2,6.0,1,1,1,0,3,0,2025-01,21.0
U10844,Demand,2025-06-16,6,2,0,0,2.0,1,1,1,0,3,0,2025-06,10.0
U10845,Supply,2025-06-29,7,5,4,1,2.0,1,1,0,0,2,1,2025-06,19.0
U10846,Supply,2025-01-23,10,5,3,2,3.0,1,0,1,1,4,0,2025-01,23.0
U10847,Supply,2025-03-30,15,0,4,0,6.0,1,1,1,0,3,0,2025-03,25.0
U10848,Demand,2025-05-03,12,7,0,1,1.0,1,0,0,0,1,1,2025-05,21.0
U10849,Demand,2025-06-27,7,3,0,2,7.0,1,1,1,0,3,0,2025-06,19.0
U10850,Demand,2025-06-20,9,5,0,1,3.0,1,0,0,0,1,1,2025-06,18.0
U10851,Supply,2025-05-27,5,2,4,3,5.0,1,0,1,0,3,0,2025-05,19.0
U10852,Demand,2025-02-20,5,2,0,0,1.0,1,1,0,1,4,0,2025-02,8.0
U10853,Supply,2025-01-11,8,4,2,0,0.0,1,0,1,0,3,0,2025-01,14.0
U10854,Demand,2025-01-12,17,7,0,2,8.0,1,1,1,0,3,0,2025-01,34.0
U10855,Supply,2025-03-15,10,3,0,0,6.0,1,0,0,0,1,1,2025-03,19.0
U10856,Supply,2025-01-08,9,2,3,1,5.0,1,0,1,0,3,0,2025-01,20.0
U10857,Supply,2025-06-01,12,4,2,1,6.0,1,1,1,1,4,0,2025-06,25.0
U10858,Demand,2025-02-10,10,4,0,1,2.0,1,0,1,0,3,0,2025-02,17.0
U10859,Demand,2025-06-13,3,3,0,2,12.0,1,1,0,1,4,0,2025-06,20.0
U10860,Supply,2025-03-26,9,4,0,0,2.0,1,1,1,1,4,0,2025-03,15.0
U10861,Demand,2025-03-13,5,1,0,0,0.0,1,1,0,0,2,1,2025-03,6.0
U10862,Demand,2025-02-24,8,3,0,2,7.0,1,1,0,1,4,0,2025-02,20.0
U10863,Demand,2025-05-17,12,6,0,1,6.0,1,1,0,0,2,1,2025-05,25.0
U10864,Demand,2025-02-16,8,1,0,0,1.0,1,0,0,0,1,1,2025-02,10.0
U10865,Supply,2025-05-23,16,3,1,0,2.0,1,1,0,0,2,1,2025-05,22.0
U10866,Demand,2025-06-25,10,3,0,0,2.0,1,1,1,1,4,0,2025-06,15.0
U10867,Supply,2025-04-14,16,7,3,2,1.0,1,0,1,1,4,0,2025-04,29.0
U10868,Supply,2025-02-11,11,3,1,0,3.0,1,0,0,0,1,1,2025-02,18.0
U10869,Demand,2025-03-01,11,2,0,0,1.0,1,1,1,0,3,0,2025-03,14.0
U10870,Demand,2025-01-12,9,4,0,0,1.0,1,0,0,0,1,1,2025-01,14.0
U10871,Supply,2025-05-10,11,9,3,1,3.0,1,1,1,0,3,0,2025-05,27.0
U10872,Supply,2025-01-07,12,5,0,0,2.0,1,1,1,0,3,0,2025-01,19.0
U10873,Demand,2025-03-21,11,5,0,2,3.0,1,1,1,1,4,0,2025-03,21.0
U10874,Supply,2025-05-11,14,1,4,0,2.0,1,0,1,1,4,0,2025-05,21.0
U10875,Supply,2025-04-19,9,2,1,0,1.0,1,0,1,0,3,0,2025-04,13.0
U10876,Supply,2025-01-03,6,4,2,0,2.0,1,1,1,1,4,0,2025-01,14.0
U10877,Demand,2025-01-27,11,5,0,2,6.0,1,1,1,1,4,0,2025-01,24.0
U10878,Demand,2025-04-24,9,2,0,0,0.0,1,0,0,0,1,1,2025-04,11.0
U10879,Supply,2025-04-17,8,3,2,1,1.0,1,1,1,1,4,0,2025-04,15.0
U10880,Supply,2025-02-09,8,5,4,1,5.0,1,1,1,0,3,0,2025-02,23.0
U10881,Supply,2025-06-10,15,3,2,0,3.0,1,1,1,0,3,0,2025-06,23.0
U10882,Demand,2025-05-09,14,9,0,1,5.0,1,1,1,1,4,0,2025-05,29.0
U10883,Supply,2025-01-08,5,1,1,0,2.0,1,1,1,1,4,0,2025-01,9.0
U10884,Supply,2025-04-11,9,4,3,0,2.0,1,1,1,1,4,0,2025-04,18.0
U10885,Demand,2025-06-09,6,3,0,2,2.0,1,1,1,0,3,0,2025-06,13.0
U10886,Supply,2025-05-04,7,6,4,2,3.0,1,1,1,1,4,0,2025-05,22.0
U10887,Demand,2025-06-25,10,4,0,1,2.0,1,0,1,0,3,0,2025-06,17.0
U10888,Supply,2025-04-17,9,5,0,0,1.0,1,0,0,0,1,1,2025-04,15.0
U10889,Supply,2025-04-11,15,5,1,0,0.0,1,0,0,0,1,1,2025-04,21.0
U10890,Supply,2025-01-04,2,2,2,1,2.0,1,1,0,0,2,1,2025-01,9.0
U10891,Demand,2025-04-20,8,5,0,0,1.0,1,0,1,0,3,0,2025-04,14.0
U10892,Demand,2025-01-19,8,4,0,0,3.0,1,0,0,0,1,1,2025-01,15.0
U10893,Demand,2025-02-01,10,7,0,2,5.0,1,1,1,1,4,0,2025-02,24.0
U10894,Supply,2025-05-17,18,1,7,2,2.0,1,0,0,0,1,1,2025-05,30.0
U10895,Demand,2025-01-12,11,5,0,0,1.0,1,0,1,0,3,0,2025-01,17.0
U10896,Supply,2025-05-19,12,3,2,1,6.0,1,1,1,1,4,0,2025-05,24.0
U10897,Supply,2025-02-15,9,3,5,0,2.0,1,0,1,0,3,0,2025-02,19.0
U10898,Demand,2025-04-29,13,2,0,2,0.0,1,1,1,1,4,0,2025-04,17.0
U10899,Supply,2025-01-16,13,2,4,2,5.0,1,0,0,1,4,0,2025-01,26.0
U10900,Supply,2025-05-09,10,3,2,0,1.0,1,1,1,1,4,0,2025-05,16.0
U10901,Supply,2025-03-04,10,3,4,1,6.0,1,0,1,0,3,0,2025-03,24.0
U10902,Supply,2025-04-19,8,1,1,0,4.0,1,0,1,1,4,0,2025-04,14.0
U10903,Supply,2025-04-29,9,0,5,0,5.0,1,1,1,1,4,0,2025-04,19.0
U10904,Demand,2025-01-21,21,8,0,3,7.0,1,1,0,1,4,0,2025-01,39.0
U10905,Demand,2025-06-07,12,6,0,2,4.0,1,1,1,1,4,0,2025-06,24.0
U10906,Demand,2025-01-13,4,2,0,0,4.0,1,1,1,1,4,0,2025-01,10.0
U10907,Demand,2025-06-11,12,6,0,3,5.0,1,1,1,1,4,0,2025-06,26.0
U10908,Supply,2025-01-04,9,3,2,1,2.0,1,1,0,1,4,0,2025-01,17.0
U10909,Supply,2025-06-05,9,4,2,1,5.0,1,0,1,1,4,0,2025-06,21.0
U10910,Supply,2025-04-12,6,4,1,1,4.0,1,1,1,1,4,0,2025-04,16.0
U10911,Demand,2025-02-28,7,9,0,2,5.0,1,0,1,0,3,0,2025-02,23.0
U10912,Supply,2025-05-08,11,2,6,0,1.0,1,1,0,0,2,1,2025-05,20.0
U10913,Demand,2025-01-27,6,3,0,1,4.0,1,0,0,0,1,1,2025-01,14.0
U10914,Supply,2025-03-10,3,1,2,0,3.0,1,0,1,0,3,0,2025-03,9.0
U10915,Demand,2025-01-25,8,6,0,2,4.0,1,1,0,1,4,0,2025-01,20.0
U10916,Demand,2025-05-11,9,6,0,0,1.0,1,1,1,0,3,0,2025-05,16.0
U10917,Supply,2025-04-07,7,1,4,1,1.0,1,1,1,0,3,0,2025-04,14.0
U10918,Demand,2025-01-25,8,5,0,3,4.0,1,1,1,1,4,0,2025-01,20.0
U10919,Demand,2025-05-28,6,3,0,1,1.0,1,1,1,0,3,0,2025-05,11.0
U10920,Supply,2025-06-11,6,1,3,1,1.0,1,1,0,1,4,0,2025-06,12.0
U10921,Demand,2025-06-03,7,4,0,1,4.0,1,0,1,1,4,0,2025-06,16.0
U10922,Demand,2025-05-06,9,6,0,0,3.0,1,0,0,0,1,1,2025-05,18.0
U10923,Demand,2025-05-13,6,8,0,1,2.0,1,1,1,0,3,0,2025-05,17.0
U10924,Demand,2025-01-09,17,5,0,4,4.0,1,0,1,0,3,0,2025-01,30.0
U10925,Demand,2025-04-26,11,7,0,2,4.0,1,1,1,1,4,0,2025-04,24.0
U10926,Supply,2025-06-27,8,7,2,0,1.0,1,0,0,1,4,0,2025-06,18.0
U10927,Supply,2025-05-14,11,5,2,1,6.0,1,0,1,1,4,0,2025-05,25.0
U10928,Demand,2025-03-01,8,7,0,1,1.0,1,1,1,1,4,0,2025-03,17.0
U10929,Demand,2025-06-21,4,6,0,2,8.0,1,1,1,0,3,0,2025-06,20.0
U10930,Supply,2025-05-01,8,3,2,0,3.0,1,0,0,0,1,1,2025-05,16.0
U10931,Supply,2025-05-19,7,3,3,1,4.0,1,1,0,0,2,1,2025-05,18.0
U10932,Demand,2025-06-24,8,3,0,0,1.0,1,1,1,0,3,0,2025-06,12.0
U10933,Demand,2025-04-18,8,11,0,2,0.0,1,0,0,1,4,0,2025-04,21.0
U10934,Demand,2025-04-18,12,9,0,3,10.0,1,0,0,1,4,0,2025-04,34.0
U10935,Supply,2025-05-11,4,2,2,0,1.0,1,0,1,1,4,0,2025-05,9.0
U10936,Supply,2025-03-17,6,1,2,0,1.0,1,0,0,0,1,1,2025-03,10.0
U10937,Supply,2025-01-30,9,2,3,2,6.0,1,1,1,0,3,0,2025-01,22.0
U10938,Demand,2025-01-21,9,9,0,0,4.0,1,1,1,0,3,0,2025-01,22.0
U10939,Supply,2025-06-05,10,8,0,0,4.0,1,1,1,0,3,0,2025-06,22.0
U10940,Demand,2025-06-10,5,4,0,1,1.0,1,1,0,1,4,0,2025-06,11.0
U10941,Supply,2025-06-12,10,5,3,0,1.0,1,0,0,0,1,1,2025-06,19.0
U10942,Demand,2025-06-29,7,2,0,0,3.0,1,0,0,0,1,1,2025-06,12.0
U10943,Demand,2025-02-03,7,6,0,1,5.0,1,1,0,1,4,0,2025-02,19.0
U10944,Demand,2025-02-10,6,2,0,1,0.0,1,0,0,1,4,0,2025-02,9.0
U10945,Supply,2025-02-20,7,1,3,0,1.0,1,1,1,0,3,0,2025-02,12.0
U10946,Supply,2025-06-24,9,5,2,0,2.0,1,1,0,1,4,0,2025-06,18.0
U10947,Supply,2025-03-23,12,3,2,1,3.0,1,1,1,0,3,0,2025-03,21.0
U10948,Demand,2025-02-27,9,4,0,0,3.0,1,1,1,1,4,0,2025-02,16.0
U10949,Demand,2025-03-16,10,6,0,1,4.0,1,0,1,1,4,0,2025-03,21.0
U10950,Demand,2025-01-23,10,6,0,4,2.0,1,1,1,0,3,0,2025-01,22.0
U10951,Demand,2025-06-25,10,3,0,1,7.0,1,1,0,0,2,1,2025-06,21.0
U10952,Demand,2025-05-08,7,5,0,1,3.0,1,1,0,1,4,0,2025-05,16.0
U10953,Supply,2025-05-30,4,4,0,0,1.0,1,0,0,0,1,1,2025-05,9.0
U10954,Demand,2025-01-17,8,3,0,1,3.0,1,0,1,1,4,0,2025-01,15.0
U10955,Supply,2025-03-10,3,0,2,0,1.0,1,1,1,0,3,0,2025-03,6.0
U10956,Supply,2025-04-18,8,2,1,0,2.0,1,1,0,1,4,0,2025-04,13.0
U10957,Demand,2025-05-19,13,8,0,2,4.0,1,1,0,0,2,1,2025-05,27.0
U10958,Supply,2025-04-04,5,2,0,0,4.0,1,1,1,0,3,0,2025-04,11.0
U10959,Supply,2025-01-15,6,3,3,1,2.0,1,1,1,1,4,0,2025-01,15.0
U10960,Demand,2025-04-01,10,7,0,3,5.0,1,1,1,1,4,0,2025-04,25.0
U10961,Supply,2025-06-12,7,3,0,0,4.0,1,1,0,0,2,1,2025-06,14.0
U10962,Demand,2025-02-02,11,10,0,0,1.0,1,1,1,1,4,0,2025-02,22.0
U10963,Supply,2025-05-05,11,2,3,0,2.0,1,0,0,0,1,1,2025-05,18.0
U10964,Supply,2025-01-16,19,9,3,1,5.0,1,1,0,1,4,0,2025-01,37.0
U10965,Supply,2025-06-11,3,2,2,1,1.0,1,0,0,0,1,1,2025-06,9.0
U10966,Supply,2025-03-07,9,4,0,0,3.0,1,1,0,1,4,0,2025-03,16.0
U10967,Demand,2025-06-17,8,5,0,3,7.0,1,1,0,0,2,1,2025-06,23.0
U10968,Supply,2025-06-05,13,6,3,1,4.0,1,1,0,0,2,1,2025-06,27.0
U10969,Demand,2025-02-16,6,5,0,1,4.0,1,0,0,1,4,0,2025-02,16.0
U10970,Demand,2025-06-16,7,9,0,2,5.0,1,1,1,1,4,0,2025-06,23.0
U10971,Demand,2025-05-28,6,6,0,3,5.0,1,1,1,1,4,0,2025-05,20.0
U10972,Demand,2025-05-04,9,7,0,1,2.0,1,0,1,1,4,0,2025-05,19.0
U10973,Demand,2025-01-01,5,6,0,2,3.0,1,1,1,1,4,0,2025-01,16.0
U10974,Supply,2025-03-28,11,1,0,0,1.0,1,0,0,0,1,1,2025-03,13.0
U10975,Supply,2025-05-08,13,1,3,2,2.0,1,1,1,1,4,0,2025-05,21.0
U10976,Supply,2025-03-08,8,5,2,1,5.0,1,0,0,0,1,1,2025-03,21.0
U10977,Demand,2025-01-04,12,6,0,2,5.0,1,1,1,1,4,0,2025-01,25.0
U10978,Supply,2025-06-02,9,3,3,0,1.0,1,0,0,0,1,1,2025-06,16.0
U10979,Demand,2025-02-16,8,2,0,1,4.0,1,0,1,1,4,0,2025-02,15.0
U10980,Demand,2025-02-07,9,4,0,0,0.0,1,0,0,0,1,1,2025-02,13.0
U10981,Supply,2025-05-23,14,5,3,1,1.0,1,1,0,1,4,0,2025-05,24.0
U10982,Demand,2025-01-21,7,6,0,0,2.0,1,1,0,0,2,1,2025-01,15.0
U10983,Supply,2025-02-26,10,5,1,0,3.0,1,1,1,1,4,0,2025-02,19.0
U10984,Supply,2025-04-27,5,2,3,0,0.0,1,0,0,0,1,1,2025-04,10.0
U10985,Demand,2025-02-15,4,3,0,0,5.0,1,1,1,0,3,0,2025-02,12.0
U10986,Demand,2025-05-22,10,8,0,1,2.0,1,1,1,1,4,0,2025-05,21.0
U10987,Demand,2025-05-25,6,5,0,0,2.0,1,1,1,1,4,0,2025-05,13.0
U10988,Demand,2025-02-08,10,7,0,3,6.0,1,1,0,0,2,1,2025-02,26.0
U10989,Supply,2025-05-17,8,1,3,0,1.0,1,1,0,1,4,0,2025-05,13.0
U10990,Demand,2025-04-09,5,5,0,1,3.0,1,0,0,0,1,1,2025-04,14.0
U10991,Demand,2025-03-18,7,3,0,3,3.0,1,1,1,0,3,0,2025-03,16.0
U10992,Demand,2025-04-25,9,3,0,1,4.0,1,0,0,0,1,1,2025-04,17.0
U10993,Supply,2025-05-14,8,2,2,0,2.0,1,0,0,0,1,1,2025-05,14.0
U10994,Demand,2025-05-31,15,7,0,1,3.0,1,1,0,1,4,0,2025-05,26.0
U10995,Supply,2025-04-01,9,3,2,1,2.0,1,0,1,1,4,0,2025-04,17.0
U10996,Supply,2025-04-08,5,2,2,0,3.0,1,0,0,0,1,1,2025-04,12.0
U10997,Demand,2025-04-30,12,8,0,1,5.0,1,1,1,1,4,0,2025-04,26.0
U10998,Supply,2025-02-15,4,3,2,1,2.0,1,1,0,0,2,1,2025-02,12.0
U10999,Demand,2025-02-07,7,4,0,1,8.0,1,1,1,0,3,0,2025-02,20.0
U11000,Demand,2025-05-22,8,5,0,1,6.0,1,1,0,0,2,1,2025-05,20.0
U11001,Supply,2025-04-10,13,2,1,1,4.0,1,0,1,0,3,0,2025-04,21.0
U11002,Demand,2025-03-13,6,4,0,2,4.0,1,1,0,1,4,0,2025-03,16.0
U11003,Demand,2025-02-04,9,6,0,2,2.0,1,0,1,1,4,0,2025-02,19.0
U11004,Demand,2025-05-27,4,3,0,0,3.0,1,0,0,0,1,1,2025-05,10.0
U11005,Demand,2025-01-30,6,4,0,1,8.0,1,0,1,1,4,0,2025-01,19.0
U11006,Demand,2025-03-19,10,3,0,0,2.0,1,0,0,0,1,1,2025-03,15.0
U11007,Demand,2025-03-25,2,1,0,0,5.0,1,0,0,0,1,1,2025-03,8.0
U11008,Demand,2025-04-23,9,4,0,0,0.0,1,0,0,0,1,1,2025-04,13.0
U11009,Supply,2025-01-25,4,3,1,0,3.0,1,0,0,0,1,1,2025-01,11.0
U11010,Demand,2025-06-17,11,6,0,1,1.0,1,1,1,1,4,0,2025-06,19.0
U11011,Supply,2025-03-29,12,6,4,0,3.0,1,1,0,0,2,1,2025-03,25.0
U11012,Demand,2025-01-14,7,2,0,1,2.0,1,0,0,0,1,1,2025-01,12.0
U11013,Demand,2025-06-03,6,6,0,3,4.0,1,1,0,0,2,1,2025-06,19.0
U11014,Supply,2025-04-12,14,3,4,2,4.0,1,1,1,1,4,0,2025-04,27.0
U11015,Demand,2025-05-30,13,7,0,1,4.0,1,1,1,1,4,0,2025-05,25.0
U11016,Demand,2025-06-25,9,6,0,2,6.0,1,1,1,0,3,0,2025-06,23.0
U11017,Supply,2025-03-24,11,4,3,0,3.0,1,1,0,1,4,0,2025-03,21.0
U11018,Demand,2025-04-20,8,1,0,0,2.0,1,1,1,1,4,0,2025-04,11.0
U11019,Demand,2025-06-28,10,5,0,2,3.0,1,1,1,1,4,0,2025-06,20.0
U11020,Supply,2025-05-11,10,4,4,0,1.0,1,0,1,0,3,0,2025-05,19.0
U11021,Demand,2025-06-19,6,5,0,1,3.0,1,1,0,1,4,0,2025-06,15.0
U11022,Supply,2025-01-19,7,5,0,1,3.0,1,0,0,0,1,1,2025-01,16.0
U11023,Demand,2025-01-28,9,6,0,3,8.0,1,0,0,1,4,0,2025-01,26.0
U11024,Demand,2025-06-22,6,6,0,2,2.0,1,1,0,0,2,1,2025-06,16.0
U11025,Demand,2025-03-12,6,2,0,0,0.0,1,0,0,0,1,1,2025-03,8.0
U11026,Demand,2025-03-04,4,4,0,1,7.0,1,1,0,0,2,1,2025-03,16.0
U11027,Demand,2025-03-14,7,2,0,0,5.0,1,0,0,0,1,1,2025-03,14.0
U11028,Demand,2025-05-04,4,3,0,1,4.0,1,1,1,0,3,0,2025-05,12.0
U11029,Supply,2025-04-29,10,6,1,0,2.0,1,1,0,1,4,0,2025-04,19.0
U11030,Demand,2025-05-01,4,5,0,1,3.0,1,1,0,0,2,1,2025-05,13.0
U11031,Supply,2025-01-19,10,5,0,0,4.0,1,1,1,1,4,0,2025-01,19.0
U11032,Demand,2025-06-24,6,4,0,0,3.0,1,0,0,1,4,0,2025-06,13.0
U11033,Supply,2025-05-22,2,4,1,0,0.0,1,0,0,0,1,1,2025-05,7.0
U11034,Supply,2025-04-30,6,1,1,0,4.0,1,1,0,0,2,1,2025-04,12.0
U11035,Supply,2025-06-15,11,6,3,1,5.0,1,1,1,0,3,0,2025-06,26.0
U11036,Demand,2025-03-02,10,3,0,0,2.0,1,1,1,1,4,0,2025-03,15.0
U11037,Supply,2025-06-13,11,4,3,1,2.0,1,1,1,1,4,0,2025-06,21.0
U11038,Demand,2025-06-17,10,4,0,0,1.0,1,1,1,0,3,0,2025-06,15.0
U11039,Supply,2025-01-30,5,0,1,0,0.0,1,1,1,1,4,0,2025-01,6.0
U11040,Supply,2025-01-09,16,5,2,0,3.0,1,1,0,0,2,1,2025-01,26.0
U11041,Demand,2025-03-05,7,3,0,0,2.0,1,1,0,0,2,1,2025-03,12.0
U11042,Demand,2025-06-10,7,6,0,1,4.0,1,1,0,1,4,0,2025-06,18.0
U11043,Supply,2025-04-30,5,1,0,0,2.0,1,0,0,0,1,1,2025-04,8.0
U11044,Demand,2025-02-21,9,8,0,3,5.0,1,1,0,1,4,0,2025-02,25.0
U11045,Demand,2025-03-30,4,2,0,1,4.0,1,1,1,1,4,0,2025-03,11.0
U11046,Demand,2025-05-22,7,0,0,0,1.0,1,0,0,0,1,1,2025-05,8.0
U11047,Supply,2025-02-22,4,4,1,0,4.0,1,0,1,1,4,0,2025-02,13.0
U11048,Supply,2025-03-19,10,3,3,1,2.0,1,1,1,0,3,0,2025-03,19.0
U11049,Demand,2025-02-10,10,7,0,1,0.0,1,1,1,0,3,0,2025-02,18.0
U11050,Supply,2025-03-09,5,2,3,1,3.0,1,1,1,0,3,0,2025-03,14.0
U11051,Demand,2025-01-08,8,5,0,2,6.0,1,1,1,1,4,0,2025-01,21.0
U11052,Demand,2025-01-02,15,8,0,3,3.0,1,1,1,0,3,0,2025-01,29.0
U11053,Demand,2025-04-15,18,12,0,2,8.0,1,0,0,0,1,1,2025-04,40.0
U11054,Demand,2025-05-05,10,4,0,1,7.0,1,0,0,0,1,1,2025-05,22.0
U11055,Demand,2025-04-20,9,5,0,2,4.0,1,0,0,1,4,0,2025-04,20.0
U11056,Supply,2025-03-27,5,2,1,0,2.0,1,1,1,1,4,0,2025-03,10.0
U11057,Demand,2025-06-18,5,6,0,3,4.0,1,1,1,1,4,0,2025-06,18.0
U11058,Supply,2025-04-30,7,4,0,1,2.0,1,1,0,1,4,0,2025-04,14.0
U11059,Demand,2025-05-07,4,3,0,0,3.0,1,1,0,0,2,1,2025-05,10.0
U11060,Demand,2025-01-16,9,4,0,1,3.0,1,1,0,0,2,1,2025-01,17.0
U11061,Demand,2025-03-03,2,2,0,2,8.0,1,0,1,1,4,0,2025-03,14.0
U11062,Demand,2025-04-23,10,6,0,1,3.0,1,0,1,0,3,0,2025-04,20.0
U11063,Demand,2025-06-25,4,4,0,1,5.0,1,0,0,1,4,0,2025-06,14.0
U11064,Supply,2025-06-07,11,5,1,0,0.0,1,1,0,0,2,1,2025-06,17.0
U11065,Demand,2025-01-12,5,3,0,2,5.0,1,1,1,1,4,0,2025-01,15.0
U11066,Demand,2025-02-04,8,4,0,3,5.0,1,0,0,0,1,1,2025-02,20.0
U11067,Supply,2025-01-11,9,7,1,0,0.0,1,1,0,1,4,0,2025-01,17.0
U11068,Supply,2025-03-05,7,4,3,0,4.0,1,1,1,1,4,0,2025-03,18.0
U11069,Supply,2025-02-19,11,3,3,1,5.0,1,1,1,1,4,0,2025-02,23.0
U11070,Supply,2025-05-29,10,3,1,0,2.0,1,1,0,1,4,0,2025-05,16.0
U11071,Supply,2025-03-10,8,3,2,1,2.0,1,1,0,1,4,0,2025-03,16.0
U11072,Supply,2025-02-17,7,2,2,0,1.0,1,0,1,1,4,0,2025-02,12.0
U11073,Supply,2025-01-20,8,0,3,0,6.0,1,1,0,0,2,1,2025-01,17.0
U11074,Supply,2025-04-11,5,2,2,1,3.0,1,1,1,1,4,0,2025-04,13.0
U11075,Demand,2025-06-21,5,2,0,0,1.0,1,0,1,1,4,0,2025-06,8.0
U11076,Demand,2025-06-10,6,3,0,0,0.0,1,1,1,0,3,0,2025-06,9.0
U11077,Supply,2025-05-17,8,3,0,0,1.0,1,1,1,1,4,0,2025-05,12.0
U11078,Demand,2025-03-09,9,4,0,0,2.0,1,1,0,0,2,1,2025-03,15.0
U11079,Supply,2025-02-04,5,3,2,1,2.0,1,1,1,1,4,0,2025-02,13.0
U11080,Demand,2025-03-06,8,3,0,0,1.0,1,0,1,0,3,0,2025-03,12.0
U11081,Demand,2025-01-08,4,2,0,1,3.0,1,0,1,0,3,0,2025-01,10.0
U11082,Supply,2025-02-14,10,2,3,0,0.0,1,0,0,0,1,1,2025-02,15.0
U11083,Supply,2025-03-28,9,1,3,2,3.0,1,1,1,1,4,0,2025-03,18.0
U11084,Demand,2025-06-24,8,7,0,2,8.0,1,1,1,0,3,0,2025-06,25.0
U11085,Demand,2025-06-17,12,5,0,0,4.0,1,1,1,0,3,0,2025-06,21.0
U11086,Demand,2025-03-17,8,7,0,0,1.0,1,1,1,1,4,0,2025-03,16.0
U11087,Demand,2025-03-17,4,3,0,1,4.0,1,1,0,0,2,1,2025-03,12.0
U11088,Supply,2025-06-23,8,6,2,0,2.0,1,1,0,1,4,0,2025-06,18.0
U11089,Demand,2025-02-16,8,5,0,1,2.0,1,1,1,1,4,0,2025-02,16.0
U11090,Supply,2025-01-15,13,3,0,0,1.0,1,1,0,1,4,0,2025-01,17.0
U11091,Demand,2025-04-15,7,6,0,1,3.0,1,1,1,0,3,0,2025-04,17.0
U11092,Demand,2025-05-27,10,7,0,1,5.0,1,1,1,0,3,0,2025-05,23.0
U11093,Demand,2025-01-26,6,4,0,1,1.0,1,1,1,0,3,0,2025-01,12.0
U11094,Demand,2025-02-21,10,4,0,1,2.0,1,1,0,1,4,0,2025-02,17.0
U11095,Supply,2025-04-03,6,3,1,1,2.0,1,1,1,1,4,0,2025-04,13.0
U11096,Supply,2025-05-30,13,2,2,0,0.0,1,1,1,0,3,0,2025-05,17.0
U11097,Supply,2025-01-21,4,2,3,0,2.0,1,0,1,0,3,0,2025-01,11.0
U11098,Supply,2025-02-20,4,0,2,0,2.0,1,1,1,0,3,0,2025-02,8.0
U11099,Demand,2025-02-07,6,4,0,0,1.0,1,0,0,1,4,0,2025-02,11.0
U11100,Supply,2025-01-20,8,3,2,0,1.0,1,0,0,0,1,1,2025-01,14.0
U11101,Supply,2025-06-06,3,0,2,0,0.0,1,0,0,0,1,1,2025-06,5.0
U11102,Demand,2025-06-28,7,3,0,1,3.0,1,0,0,0,1,1,2025-06,14.0
U11103,Demand,2025-05-12,7,7,0,0,2.0,1,0,0,0,1,1,2025-05,16.0
U11104,Demand,2025-02-24,8,5,0,1,2.0,1,0,0,0,1,1,2025-02,16.0
U11105,Demand,2025-04-02,10,6,0,1,2.0,1,1,1,0,3,0,2025-04,19.0
U11106,Supply,2025-01-28,10,3,4,3,4.0,1,1,1,0,3,0,2025-01,24.0
U11107,Supply,2025-01-04,9,2,4,1,1.0,1,0,0,1,4,0,2025-01,17.0
U11108,Demand,2025-05-30,4,1,0,0,2.0,1,0,1,1,4,0,2025-05,7.0
U11109,Demand,2025-03-17,16,9,0,1,2.0,1,1,1,0,3,0,2025-03,28.0
U11110,Supply,2025-06-22,6,1,2,0,1.0,1,0,0,0,1,1,2025-06,10.0
U11111,Demand,2025-03-08,9,5,0,1,4.0,1,0,0,0,1,1,2025-03,19.0
U11112,Supply,2025-03-27,9,7,1,0,2.0,1,1,1,0,3,0,2025-03,19.0
U11113,Supply,2025-06-11,7,4,4,0,3.0,1,0,0,0,1,1,2025-06,18.0
U11114,Demand,2025-04-01,6,5,0,1,3.0,1,1,1,0,3,0,2025-04,15.0
U11115,Demand,2025-04-15,7,5,0,0,2.0,1,1,0,1,4,0,2025-04,14.0
U11116,Demand,2025-01-01,9,6,0,1,3.0,1,1,1,1,4,0,2025-01,19.0
U11117,Supply,2025-03-13,6,1,0,1,5.0,1,0,0,0,1,1,2025-03,13.0
U11118,Demand,2025-03-28,6,2,0,1,6.0,1,0,0,0,1,1,2025-03,15.0
U11119,Supply,2025-06-15,7,1,3,1,1.0,1,0,1,1,4,0,2025-06,13.0
U11120,Supply,2025-01-06,13,3,3,1,2.0,1,1,1,1,4,0,2025-01,22.0
U11121,Demand,2025-06-02,8,7,0,3,7.0,1,0,0,0,1,1,2025-06,25.0
U11122,Demand,2025-05-25,9,6,0,0,1.0,1,0,0,0,1,1,2025-05,16.0
U11123,Demand,2025-03-02,9,7,0,2,3.0,1,0,1,1,4,0,2025-03,21.0
U11124,Demand,2025-01-12,6,5,0,1,4.0,1,0,0,0,1,1,2025-01,16.0
U11125,Demand,2025-01-06,5,5,0,2,4.0,1,0,1,1,4,0,2025-01,16.0
U11126,Demand,2025-01-27,22,8,0,3,8.0,1,1,1,0,3,0,2025-01,41.0
U11127,Supply,2025-05-16,10,8,0,1,4.0,1,1,1,1,4,0,2025-05,23.0
U11128,Supply,2025-05-04,6,3,2,0,2.0,1,0,0,0,1,1,2025-05,13.0
U11129,Supply,2025-04-16,6,3,1,0,2.0,1,1,1,0,3,0,2025-04,12.0
U11130,Supply,2025-04-03,17,5,4,1,5.0,1,1,1,0,3,0,2025-04,32.0
U11131,Demand,2025-04-19,10,6,0,2,0.0,1,0,1,1,4,0,2025-04,18.0
U11132,Demand,2025-04-09,4,2,0,1,6.0,1,1,0,1,4,0,2025-04,13.0
U11133,Supply,2025-06-17,9,3,0,0,3.0,1,0,0,0,1,1,2025-06,15.0
U11134,Supply,2025-05-22,6,6,3,1,2.0,1,1,0,1,4,0,2025-05,18.0
U11135,Demand,2025-02-04,5,2,0,1,3.0,1,0,0,0,1,1,2025-02,11.0
U11136,Supply,2025-06-25,4,2,1,0,3.0,1,1,1,1,4,0,2025-06,10.0
U11137,Demand,2025-03-25,9,4,0,1,5.0,1,1,1,0,3,0,2025-03,19.0
U11138,Demand,2025-02-25,7,3,0,1,0.0,1,0,1,1,4,0,2025-02,11.0
U11139,Demand,2025-06-26,10,4,0,2,5.0,1,0,1,1,4,0,2025-06,21.0
U11140,Demand,2025-05-21,6,6,0,3,10.0,1,1,1,1,4,0,2025-05,25.0
U11141,Demand,2025-02-18,13,3,0,2,4.0,1,1,0,1,4,0,2025-02,22.0
U11142,Supply,2025-02-15,12,5,1,0,2.0,1,0,1,1,4,0,2025-02,20.0
U11143,Demand,2025-04-23,4,2,0,0,0.0,1,0,0,0,1,1,2025-04,6.0
U11144,Demand,2025-05-16,5,5,0,2,5.0,1,1,0,0,2,1,2025-05,17.0
U11145,Supply,2025-02-12,7,2,2,0,0.0,1,0,0,0,1,1,2025-02,11.0
U11146,Demand,2025-05-28,7,6,0,1,3.0,1,0,0,1,4,0,2025-05,17.0
U11147,Demand,2025-05-04,7,5,0,0,0.0,1,1,0,1,4,0,2025-05,12.0
U11148,Demand,2025-04-07,8,6,0,0,3.0,1,1,1,1,4,0,2025-04,17.0
U11149,Demand,2025-03-31,3,5,0,2,5.0,1,1,0,1,4,0,2025-03,15.0
U11150,Demand,2025-02-08,9,8,0,1,3.0,1,1,0,1,4,0,2025-02,21.0
U11151,Demand,2025-03-26,9,1,0,0,0.0,1,0,0,0,1,1,2025-03,10.0
U11152,Demand,2025-06-26,6,3,0,0,0.0,1,1,1,0,3,0,2025-06,9.0
U11153,Demand,2025-03-03,14,8,0,2,4.0,1,1,1,1,4,0,2025-03,28.0
U11154,Demand,2025-04-16,7,6,0,1,3.0,1,1,0,1,4,0,2025-04,17.0
U11155,Demand,2025-04-17,7,4,0,0,0.0,1,1,1,1,4,0,2025-04,11.0
U11156,Demand,2025-02-23,10,6,0,0,2.0,1,1,1,0,3,0,2025-02,18.0
U11157,Supply,2025-05-06,6,2,1,0,4.0,1,1,0,0,2,1,2025-05,13.0
U11158,Demand,2025-01-09,12,6,0,1,3.0,1,1,1,0,3,0,2025-01,22.0
U11159,Demand,2025-03-29,10,10,0,3,8.0,1,1,1,1,4,0,2025-03,31.0
U11160,Supply,2025-02-06,8,2,2,0,6.0,1,1,0,1,4,0,2025-02,18.0
U11161,Demand,2025-02-18,10,6,0,4,5.0,1,1,1,1,4,0,2025-02,25.0
U11162,Supply,2025-02-10,10,1,4,2,6.0,1,0,0,0,1,1,2025-02,23.0
U11163,Supply,2025-01-17,4,5,2,1,3.0,1,0,1,0,3,0,2025-01,15.0
U11164,Demand,2025-03-29,11,3,0,2,5.0,1,1,1,0,3,0,2025-03,21.0
U11165,Supply,2025-01-21,15,2,3,1,7.0,1,0,1,0,3,0,2025-01,28.0
U11166,Demand,2025-02-20,5,3,0,1,1.0,1,1,0,1,4,0,2025-02,10.0
U11167,Demand,2025-02-28,6,4,0,1,8.0,1,1,0,1,4,0,2025-02,19.0
U11168,Demand,2025-06-16,6,3,0,1,6.0,1,1,1,0,3,0,2025-06,16.0
U11169,Supply,2025-02-10,9,3,3,1,7.0,1,0,0,0,1,1,2025-02,23.0
U11170,Supply,2025-02-08,10,4,2,1,3.0,1,1,0,0,2,1,2025-02,20.0
U11171,Demand,2025-05-21,4,4,0,0,1.0,1,1,1,1,4,0,2025-05,9.0
U11172,Demand,2025-01-11,5,3,0,0,1.0,1,0,0,0,1,1,2025-01,9.0
U11173,Demand,2025-05-27,10,5,0,2,5.0,1,0,1,0,3,0,2025-05,22.0
U11174,Supply,2025-05-19,10,4,1,0,1.0,1,0,0,0,1,1,2025-05,16.0
U11175,Demand,2025-03-18,8,7,0,1,5.0,1,1,0,0,2,1,2025-03,21.0
U11176,Demand,2025-05-07,3,3,0,1,1.0,1,0,1,1,4,0,2025-05,8.0
U11177,Demand,2025-02-15,9,6,0,2,4.0,1,1,0,0,2,1,2025-02,21.0
U11178,Supply,2025-02-14,10,0,1,0,2.0,1,0,0,0,1,1,2025-02,13.0
U11179,Demand,2025-01-01,7,7,0,2,3.0,1,1,1,1,4,0,2025-01,19.0
U11180,Demand,2025-06-17,7,6,0,4,5.0,1,1,1,0,3,0,2025-06,22.0
U11181,Demand,2025-04-18,8,2,0,1,3.0,1,0,1,0,3,0,2025-04,14.0
U11182,Supply,2025-01-19,14,6,3,0,0.0,1,1,1,1,4,0,2025-01,23.0
U11183,Demand,2025-03-17,3,2,0,0,1.0,1,0,0,0,1,1,2025-03,6.0
U11184,Demand,2025-03-13,13,6,0,0,3.0,1,1,0,1,4,0,2025-03,22.0
U11185,Supply,2025-04-19,14,4,1,0,2.0,1,0,1,1,4,0,2025-04,21.0
U11186,Demand,2025-01-12,13,3,0,1,3.0,1,0,0,0,1,1,2025-01,20.0
U11187,Demand,2025-06-10,7,4,0,0,0.0,1,0,0,0,1,1,2025-06,11.0
U11188,Supply,2025-02-14,6,5,2,0,7.0,1,1,1,1,4,0,2025-02,20.0
U11189,Supply,2025-03-31,9,6,2,0,1.0,1,1,1,1,4,0,2025-03,18.0
U11190,Demand,2025-04-13,14,6,0,0,2.0,1,0,1,1,4,0,2025-04,22.0
U11191,Supply,2025-01-08,9,3,2,1,2.0,1,0,1,0,3,0,2025-01,17.0
U11192,Demand,2025-06-02,9,3,0,0,2.0,1,1,1,0,3,0,2025-06,14.0
U11193,Supply,2025-04-01,4,4,2,1,2.0,1,0,0,0,1,1,2025-04,13.0
U11194,Demand,2025-06-23,16,7,0,0,0.0,1,0,0,0,1,1,2025-06,23.0
U11195,Supply,2025-03-28,4,0,0,1,1.0,1,0,1,1,4,0,2025-03,6.0
U11196,Demand,2025-06-07,7,6,0,2,6.0,1,1,0,1,4,0,2025-06,21.0
U11197,Demand,2025-06-24,10,5,0,1,5.0,1,1,0,1,4,0,2025-06,21.0
U11198,Demand,2025-06-26,7,3,0,1,5.0,1,1,1,1,4,0,2025-06,16.0
U11199,Demand,2025-06-24,8,8,0,4,5.0,1,1,1,1,4,0,2025-06,25.0
U11200,Supply,2025-03-25,7,3,0,0,3.0,1,0,0,0,1,1,2025-03,13.0
U11201,Demand,2025-03-23,10,8,0,3,6.0,1,1,1,1,4,0,2025-03,27.0
U11202,Supply,2025-05-26,6,1,2,2,3.0,1,0,0,1,4,0,2025-05,14.0
U11203,Supply,2025-03-09,11,8,1,1,5.0,1,1,1,0,3,0,2025-03,26.0
U11204,Supply,2025-06-10,8,3,2,1,4.0,1,0,0,0,1,1,2025-06,18.0
U11205,Demand,2025-05-07,7,5,0,0,2.0,1,1,1,1,4,0,2025-05,14.0
U11206,Demand,2025-06-13,7,3,0,1,2.0,1,1,1,1,4,0,2025-06,13.0
U11207,Demand,2025-03-23,8,7,0,4,6.0,1,0,0,0,1,1,2025-03,25.0
U11208,Demand,2025-05-27,11,6,0,4,5.0,1,1,1,0,3,0,2025-05,26.0
U11209,Supply,2025-06-05,5,5,1,1,4.0,1,1,0,0,2,1,2025-06,16.0
U11210,Demand,2025-06-17,8,4,0,1,0.0,1,1,1,1,4,0,2025-06,13.0
U11211,Demand,2025-03-25,9,5,0,0,2.0,1,1,0,0,2,1,2025-03,16.0
U11212,Demand,2025-04-23,7,1,0,0,3.0,1,0,0,0,1,1,2025-04,11.0
U11213,Supply,2025-03-17,9,2,2,0,6.0,1,0,0,0,1,1,2025-03,19.0
U11214,Demand,2025-05-02,7,3,0,2,0.0,1,1,1,1,4,0,2025-05,12.0
U11215,Demand,2025-05-23,9,4,0,0,3.0,1,1,0,0,2,1,2025-05,16.0
U11216,Supply,2025-02-10,10,6,0,0,5.0,1,1,1,0,3,0,2025-02,21.0
U11217,Supply,2025-06-16,12,7,3,2,1.0,1,1,1,0,3,0,2025-06,25.0
U11218,Demand,2025-01-02,13,6,0,1,0.0,1,0,1,1,4,0,2025-01,20.0
U11219,Demand,2025-01-29,8,3,0,0,1.0,1,1,1,1,4,0,2025-01,12.0
U11220,Supply,2025-04-15,12,6,3,2,2.0,1,1,1,0,3,0,2025-04,25.0
U11221,Demand,2025-02-20,5,3,0,0,2.0,1,1,1,0,3,0,2025-02,10.0
U11222,Supply,2025-03-16,7,6,2,0,3.0,1,1,1,1,4,0,2025-03,18.0
U11223,Demand,2025-01-10,12,6,0,1,6.0,1,1,1,1,4,0,2025-01,25.0
U11224,Demand,2025-05-22,14,6,0,2,3.0,1,1,0,1,4,0,2025-05,25.0
U11225,Supply,2025-02-20,17,4,5,2,1.0,1,0,1,0,3,0,2025-02,29.0
U11226,Demand,2025-04-28,7,6,0,3,2.0,1,1,1,1,4,0,2025-04,18.0
U11227,Supply,2025-05-01,5,4,3,1,5.0,1,1,0,0,2,1,2025-05,18.0
U11228,Supply,2025-02-08,9,2,2,1,3.0,1,0,0,1,4,0,2025-02,17.0
U11229,Demand,2025-01-28,6,5,0,0,1.0,1,0,1,0,3,0,2025-01,12.0
U11230,Supply,2025-01-03,6,2,4,3,3.0,1,1,1,1,4,0,2025-01,18.0
U11231,Demand,2025-03-25,4,2,0,1,2.0,1,0,0,0,1,1,2025-03,9.0
U11232,Supply,2025-06-04,13,4,2,0,6.0,1,1,1,1,4,0,2025-06,25.0
U11233,Supply,2025-04-27,7,1,4,1,6.0,1,1,0,1,4,0,2025-04,19.0
U11234,Supply,2025-01-02,5,1,1,1,4.0,1,1,1,1,4,0,2025-01,12.0
U11235,Demand,2025-04-03,10,4,0,2,7.0,1,1,1,1,4,0,2025-04,23.0
U11236,Supply,2025-06-15,13,2,2,1,2.0,1,0,0,1,4,0,2025-06,20.0
U11237,Demand,2025-05-11,3,6,0,2,5.0,1,1,0,1,4,0,2025-05,16.0
U11238,Demand,2025-05-24,4,5,0,1,1.0,1,1,1,0,3,0,2025-05,11.0
U11239,Demand,2025-04-04,9,6,0,0,3.0,1,0,0,1,4,0,2025-04,18.0
U11240,Supply,2025-02-09,10,5,2,0,6.0,1,0,0,0,1,1,2025-02,23.0
U11241,Demand,2025-01-02,4,2,0,1,3.0,1,1,0,0,2,1,2025-01,10.0
U11242,Demand,2025-03-22,11,7,0,2,4.0,1,1,1,0,3,0,2025-03,24.0
U11243,Demand,2025-06-18,6,4,0,3,7.0,1,1,1,1,4,0,2025-06,20.0
U11244,Demand,2025-01-12,16,6,0,2,7.0,1,1,1,0,3,0,2025-01,31.0
U11245,Demand,2025-06-12,3,4,0,2,5.0,1,1,1,1,4,0,2025-06,14.0
U11246,Demand,2025-03-06,13,7,0,1,1.0,1,1,0,0,2,1,2025-03,22.0
U11247,Supply,2025-02-24,11,3,3,0,0.0,1,0,0,1,4,0,2025-02,17.0
U11248,Supply,2025-02-14,7,3,1,0,2.0,1,0,0,0,1,1,2025-02,13.0
U11249,Demand,2025-04-11,6,4,0,0,0.0,1,0,0,0,1,1,2025-04,10.0
U11250,Demand,2025-03-03,8,3,0,0,2.0,1,0,0,0,1,1,2025-03,13.0
U11251,Demand,2025-02-18,7,5,0,1,4.0,1,1,1,0,3,0,2025-02,17.0
U11252,Demand,2025-05-07,10,7,0,2,4.0,1,0,0,1,4,0,2025-05,23.0
U11253,Supply,2025-06-02,10,3,1,1,3.0,1,1,1,0,3,0,2025-06,18.0
U11254,Supply,2025-01-23,13,4,2,1,5.0,1,1,1,0,3,0,2025-01,25.0
U11255,Demand,2025-06-01,11,7,0,1,4.0,1,0,0,1,4,0,2025-06,23.0
U11256,Demand,2025-02-07,7,2,0,0,0.0,1,1,0,0,2,1,2025-02,9.0
U11257,Supply,2025-01-28,7,3,2,1,4.0,1,1,1,0,3,0,2025-01,17.0
U11258,Demand,2025-01-21,5,2,0,1,2.0,1,0,0,0,1,1,2025-01,10.0
U11259,Supply,2025-04-17,9,5,2,1,4.0,1,1,1,0,3,0,2025-04,21.0
U11260,Demand,2025-05-26,16,7,0,2,3.0,1,1,1,1,4,0,2025-05,28.0
U11261,Supply,2025-06-13,7,4,1,0,3.0,1,0,0,0,1,1,2025-06,15.0
U11262,Demand,2025-04-09,3,1,0,0,1.0,1,1,1,0,3,0,2025-04,5.0
U11263,Supply,2025-06-22,14,5,2,0,4.0,1,1,1,1,4,0,2025-06,25.0
U11264,Demand,2025-04-29,4,2,0,0,1.0,1,1,0,0,2,1,2025-04,7.0
U11265,Supply,2025-03-14,16,2,3,1,2.0,1,1,1,1,4,0,2025-03,24.0
U11266,Supply,2025-05-02,4,2,0,0,2.0,1,0,1,1,4,0,2025-05,8.0
U11267,Supply,2025-01-30,6,3,2,1,1.0,1,1,1,0,3,0,2025-01,13.0
U11268,Demand,2025-04-18,10,8,0,1,6.0,1,1,1,1,4,0,2025-04,25.0
U11269,Demand,2025-04-08,12,7,0,0,1.0,1,0,1,0,3,0,2025-04,20.0
U11270,Supply,2025-02-01,9,1,2,0,1.0,1,1,1,0,3,0,2025-02,13.0
U11271,Demand,2025-06-05,10,7,0,3,2.0,1,1,1,0,3,0,2025-06,22.0
U11272,Demand,2025-06-21,7,5,0,1,4.0,1,1,1,1,4,0,2025-06,17.0
U11273,Demand,2025-03-20,5,5,0,1,4.0,1,0,0,1,4,0,2025-03,15.0
U11274,Supply,2025-02-10,7,1,4,2,5.0,1,0,0,0,1,1,2025-02,19.0
U11275,Demand,2025-03-04,7,3,0,0,0.0,1,0,0,0,1,1,2025-03,10.0
U11276,Supply,2025-01-23,10,10,3,1,1.0,1,1,0,0,2,1,2025-01,25.0
U11277,Supply,2025-04-14,5,1,2,0,3.0,1,0,0,1,4,0,2025-04,11.0
U11278,Demand,2025-03-16,12,6,0,2,2.0,1,1,1,1,4,0,2025-03,22.0
U11279,Supply,2025-02-17,14,2,5,4,10.0,1,1,1,1,4,0,2025-02,35.0
U11280,Demand,2025-06-09,9,6,0,0,3.0,1,0,0,1,4,0,2025-06,18.0
U11281,Demand,2025-02-26,5,2,0,0,3.0,1,0,0,0,1,1,2025-02,10.0
U11282,Demand,2025-04-28,7,2,0,1,2.0,1,1,0,1,4,0,2025-04,12.0
U11283,Demand,2025-04-10,7,3,0,0,1.0,1,0,0,0,1,1,2025-04,11.0
U11284,Supply,2025-05-04,10,5,3,1,1.0,1,1,0,0,2,1,2025-05,20.0
U11285,Supply,2025-06-10,7,2,3,0,1.0,1,1,0,0,2,1,2025-06,13.0
U11286,Demand,2025-06-01,6,6,0,3,3.0,1,1,1,0,3,0,2025-06,18.0
U11287,Supply,2025-06-16,10,2,2,1,4.0,1,0,1,0,3,0,2025-06,19.0
U11288,Supply,2025-02-03,9,4,1,1,3.0,1,1,1,1,4,0,2025-02,18.0
U11289,Supply,2025-06-05,9,1,3,2,1.0,1,1,1,0,3,0,2025-06,16.0
U11290,Supply,2025-06-14,8,3,2,0,4.0,1,0,0,0,1,1,2025-06,17.0
U11291,Supply,2025-01-07,9,1,2,0,3.0,1,0,0,0,1,1,2025-01,15.0
U11292,Supply,2025-06-14,8,5,1,0,1.0,1,1,1,1,4,0,2025-06,15.0
U11293,Demand,2025-02-25,15,7,0,3,5.0,1,1,0,1,4,0,2025-02,30.0
U11294,Demand,2025-03-06,5,7,0,3,12.0,1,1,0,0,2,1,2025-03,27.0
U11295,Demand,2025-02-16,9,5,0,1,1.0,1,1,0,0,2,1,2025-02,16.0
U11296,Supply,2025-05-28,6,0,1,0,3.0,1,0,0,0,1,1,2025-05,10.0
U11297,Supply,2025-01-19,13,2,4,2,1.0,1,1,1,0,3,0,2025-01,22.0
U11298,Supply,2025-06-06,8,2,3,1,2.0,1,1,1,1,4,0,2025-06,16.0
U11299,Demand,2025-05-26,10,7,0,1,3.0,1,1,1,1,4,0,2025-05,21.0
U11300,Demand,2025-06-12,14,5,0,2,7.0,1,0,0,1,4,0,2025-06,28.0
U11301,Supply,2025-06-20,17,4,4,4,11.0,1,1,1,0,3,0,2025-06,40.0
U11302,Demand,2025-05-06,9,6,0,1,3.0,1,0,0,0,1,1,2025-05,19.0
U11303,Supply,2025-05-19,14,3,3,0,3.0,1,1,1,0,3,0,2025-05,23.0
U11304,Demand,2025-02-18,11,6,0,2,4.0,1,1,1,1,4,0,2025-02,23.0
U11305,Demand,2025-04-23,5,4,0,1,2.0,1,1,1,0,3,0,2025-04,12.0
U11306,Demand,2025-02-07,6,3,0,0,0.0,1,1,0,0,2,1,2025-02,9.0
U11307,Demand,2025-03-05,4,2,0,1,4.0,1,1,0,0,2,1,2025-03,11.0
U11308,Demand,2025-03-10,12,6,0,2,0.0,1,0,1,1,4,0,2025-03,20.0
U11309,Supply,2025-05-16,7,1,1,1,3.0,1,1,0,0,2,1,2025-05,13.0
U11310,Demand,2025-06-11,3,2,0,1,2.0,1,1,1,0,3,0,2025-06,8.0
U11311,Supply,2025-06-25,3,3,0,1,4.0,1,1,0,1,4,0,2025-06,11.0
U11312,Demand,2025-04-26,5,6,0,2,4.0,1,1,1,0,3,0,2025-04,17.0
U11313,Demand,2025-03-06,6,3,0,0,3.0,1,1,0,0,2,1,2025-03,12.0
U11314,Demand,2025-01-31,8,4,0,1,6.0,1,1,0,0,2,1,2025-01,19.0
U11315,Demand,2025-05-12,18,10,0,4,3.0,1,1,0,1,4,0,2025-05,35.0
U11316,Demand,2025-04-23,9,4,0,0,3.0,1,1,1,0,3,0,2025-04,16.0
U11317,Demand,2025-04-19,3,3,0,1,7.0,1,0,0,0,1,1,2025-04,14.0
U11318,Demand,2025-06-27,8,4,0,0,3.0,1,0,1,0,3,0,2025-06,15.0
U11319,Supply,2025-03-10,7,1,0,1,3.0,1,1,1,0,3,0,2025-03,12.0
U11320,Supply,2025-06-07,15,4,4,1,3.0,1,1,1,1,4,0,2025-06,27.0
U11321,Supply,2025-04-30,15,1,5,0,0.0,1,1,0,0,2,1,2025-04,21.0
U11322,Supply,2025-03-29,10,6,0,1,3.0,1,1,1,0,3,0,2025-03,20.0
U11323,Demand,2025-03-08,4,4,0,1,4.0,1,0,0,0,1,1,2025-03,13.0
U11324,Supply,2025-03-16,6,2,2,0,0.0,1,1,0,0,2,1,2025-03,10.0
U11325,Demand,2025-02-14,11,7,0,1,1.0,1,1,0,1,4,0,2025-02,20.0
U11326,Supply,2025-01-04,9,5,1,0,2.0,1,1,1,1,4,0,2025-01,17.0
U11327,Supply,2025-06-03,16,4,4,1,1.0,1,1,0,1,4,0,2025-06,26.0
U11328,Demand,2025-06-04,8,6,0,1,2.0,1,1,1,1,4,0,2025-06,17.0
U11329,Demand,2025-06-23,8,7,0,2,6.0,1,1,0,1,4,0,2025-06,23.0
U11330,Demand,2025-04-17,6,2,0,0,2.0,1,1,0,0,2,1,2025-04,10.0
U11331,Demand,2025-02-20,14,6,0,1,5.0,1,0,0,1,4,0,2025-02,26.0
U11332,Demand,2025-02-19,5,1,0,0,0.0,1,1,0,0,2,1,2025-02,6.0
U11333,Supply,2025-01-06,11,5,1,1,0.0,1,1,0,1,4,0,2025-01,18.0
U11334,Demand,2025-02-28,4,4,0,1,2.0,1,0,1,0,3,0,2025-02,11.0
U11335,Demand,2025-05-05,7,1,0,0,1.0,1,1,0,0,2,1,2025-05,9.0
U11336,Demand,2025-05-23,9,7,0,1,2.0,1,1,1,1,4,0,2025-05,19.0
U11337,Supply,2025-01-30,4,2,2,1,3.0,1,0,0,0,1,1,2025-01,12.0
U11338,Demand,2025-06-19,10,4,0,0,3.0,1,1,1,0,3,0,2025-06,17.0
U11339,Supply,2025-05-02,3,1,3,0,2.0,1,0,1,1,4,0,2025-05,9.0
U11340,Supply,2025-05-05,8,3,1,0,5.0,1,1,1,0,3,0,2025-05,17.0
U11341,Supply,2025-02-06,5,2,2,0,2.0,1,1,1,1,4,0,2025-02,11.0
U11342,Demand,2025-06-19,13,7,0,3,3.0,1,0,1,0,3,0,2025-06,26.0
U11343,Demand,2025-05-04,10,5,0,1,5.0,1,1,1,1,4,0,2025-05,21.0
U11344,Demand,2025-04-11,9,4,0,1,3.0,1,1,1,1,4,0,2025-04,17.0
U11345,Demand,2025-02-04,6,2,0,1,2.0,1,0,1,0,3,0,2025-02,11.0
U11346,Demand,2025-03-28,6,9,0,3,9.0,1,1,0,1,4,0,2025-03,27.0
U11347,Supply,2025-05-14,10,6,2,0,3.0,1,1,1,1,4,0,2025-05,21.0
U11348,Supply,2025-01-18,13,2,6,2,0.0,1,0,1,0,3,0,2025-01,23.0
U11349,Demand,2025-04-23,8,5,0,2,5.0,1,1,1,0,3,0,2025-04,20.0
U11350,Supply,2025-01-29,13,4,2,1,4.0,1,1,0,0,2,1,2025-01,24.0
U11351,Demand,2025-03-18,9,5,0,2,4.0,1,1,1,1,4,0,2025-03,20.0
U11352,Demand,2025-02-28,8,2,0,0,2.0,1,1,1,1,4,0,2025-02,12.0
U11353,Demand,2025-06-24,7,6,0,1,3.0,1,1,1,0,3,0,2025-06,17.0
U11354,Demand,2025-05-06,13,7,0,3,2.0,1,1,1,0,3,0,2025-05,25.0
U11355,Demand,2025-05-25,9,6,0,2,6.0,1,1,1,1,4,0,2025-05,23.0
U11356,Demand,2025-04-19,7,4,0,0,4.0,1,1,1,1,4,0,2025-04,15.0
U11357,Demand,2025-01-22,5,4,0,0,3.0,1,1,1,0,3,0,2025-01,12.0
U11358,Demand,2025-03-09,8,3,0,1,6.0,1,1,1,1,4,0,2025-03,18.0
U11359,Supply,2025-03-10,4,2,3,0,2.0,1,1,1,0,3,0,2025-03,11.0
U11360,Demand,2025-06-14,8,4,0,1,4.0,1,1,0,1,4,0,2025-06,17.0
U11361,Demand,2025-02-18,8,6,0,1,3.0,1,1,1,1,4,0,2025-02,18.0
U11362,Supply,2025-05-21,10,2,2,0,1.0,1,1,1,1,4,0,2025-05,15.0
U11363,Demand,2025-06-11,10,5,0,0,2.0,1,1,1,0,3,0,2025-06,17.0
U11364,Demand,2025-04-19,7,2,0,1,4.0,1,1,0,0,2,1,2025-04,14.0
U11365,Demand,2025-03-27,9,4,0,0,4.0,1,0,0,0,1,1,2025-03,17.0
U11366,Supply,2025-02-22,7,3,2,0,3.0,1,1,0,0,2,1,2025-02,15.0
U11367,Demand,2025-05-03,9,4,0,1,6.0,1,1,1,0,3,0,2025-05,20.0
U11368,Demand,2025-03-28,11,6,0,0,1.0,1,1,1,1,4,0,2025-03,18.0
U11369,Supply,2025-06-28,11,4,1,1,6.0,1,1,0,1,4,0,2025-06,23.0
U11370,Supply,2025-05-11,13,3,1,0,1.0,1,1,1,0,3,0,2025-05,18.0
U11371,Demand,2025-02-11,6,7,0,1,6.0,1,1,0,0,2,1,2025-02,20.0
U11372,Supply,2025-04-08,7,2,6,3,4.0,1,0,1,0,3,0,2025-04,22.0
U11373,Demand,2025-06-09,7,4,0,0,1.0,1,0,0,0,1,1,2025-06,12.0
U11374,Demand,2025-04-19,5,2,0,0,1.0,1,0,0,0,1,1,2025-04,8.0
U11375,Supply,2025-02-20,9,2,3,1,2.0,1,1,0,1,4,0,2025-02,17.0
U11376,Demand,2025-03-26,7,7,0,1,3.0,1,0,1,1,4,0,2025-03,18.0
U11377,Demand,2025-06-23,9,8,0,3,8.0,1,1,0,1,4,0,2025-06,28.0
U11378,Demand,2025-05-07,5,3,0,3,7.0,1,1,0,1,4,0,2025-05,18.0
U11379,Supply,2025-01-21,9,1,1,1,1.0,1,1,0,0,2,1,2025-01,13.0
U11380,Demand,2025-02-13,16,6,0,1,3.0,1,0,1,0,3,0,2025-02,26.0
U11381,Supply,2025-05-19,9,2,2,0,2.0,1,1,1,1,4,0,2025-05,15.0
U11382,Supply,2025-04-13,11,4,0,0,4.0,1,1,0,1,4,0,2025-04,19.0
U11383,Demand,2025-03-09,12,8,0,0,3.0,1,1,1,0,3,0,2025-03,23.0
U11384,Supply,2025-05-09,14,3,2,1,7.0,1,1,0,0,2,1,2025-05,27.0
U11385,Demand,2025-04-02,13,3,0,1,6.0,1,1,1,1,4,0,2025-04,23.0
U11386,Supply,2025-01-24,7,1,2,0,2.0,1,0,0,0,1,1,2025-01,12.0
U11387,Demand,2025-05-05,10,8,0,3,6.0,1,0,0,1,4,0,2025-05,27.0
U11388,Supply,2025-05-21,9,3,2,0,1.0,1,0,0,1,4,0,2025-05,15.0
U11389,Demand,2025-04-21,9,3,0,0,2.0,1,1,0,0,2,1,2025-04,14.0
U11390,Demand,2025-04-08,7,1,0,0,1.0,1,1,1,1,4,0,2025-04,9.0
U11391,Supply,2025-05-19,10,5,1,1,2.0,1,1,1,1,4,0,2025-05,19.0
U11392,Supply,2025-06-28,8,1,2,0,4.0,1,0,0,0,1,1,2025-06,15.0
U11393,Supply,2025-01-17,12,3,2,1,6.0,1,1,1,1,4,0,2025-01,24.0
U11394,Demand,2025-04-09,8,7,0,2,5.0,1,0,0,1,4,0,2025-04,22.0
U11395,Supply,2025-03-23,5,1,0,0,3.0,1,0,0,0,1,1,2025-03,9.0
U11396,Demand,2025-04-14,11,10,0,2,1.0,1,1,0,0,2,1,2025-04,24.0
U11397,Demand,2025-06-01,4,5,0,2,3.0,1,1,1,0,3,0,2025-06,14.0
U11398,Supply,2025-01-19,6,4,5,1,1.0,1,1,0,0,2,1,2025-01,17.0
U11399,Demand,2025-06-14,11,6,0,0,1.0,1,0,0,1,4,0,2025-06,18.0
U11400,Demand,2025-03-26,4,3,0,0,1.0,1,0,0,0,1,1,2025-03,8.0
U11401,Supply,2025-01-08,8,2,2,1,1.0,1,0,0,0,1,1,2025-01,14.0
U11402,Supply,2025-01-28,9,3,0,0,1.0,1,0,0,0,1,1,2025-01,13.0
U11403,Supply,2025-01-05,8,0,2,1,4.0,1,1,1,0,3,0,2025-01,15.0
U11404,Demand,2025-05-25,9,5,0,0,3.0,1,1,1,1,4,0,2025-05,17.0
U11405,Demand,2025-04-11,6,4,0,2,6.0,1,0,0,0,1,1,2025-04,18.0
U11406,Demand,2025-06-13,13,9,0,3,5.0,1,1,1,1,4,0,2025-06,30.0
U11407,Demand,2025-04-28,9,9,0,1,2.0,1,1,1,1,4,0,2025-04,21.0
U11408,Demand,2025-05-27,7,5,0,3,4.0,1,0,0,0,1,1,2025-05,19.0
U11409,Demand,2025-03-05,12,2,0,0,0.0,1,1,0,0,2,1,2025-03,14.0
U11410,Demand,2025-04-01,4,5,0,0,2.0,1,0,0,1,4,0,2025-04,11.0
U11411,Supply,2025-04-27,8,3,2,0,2.0,1,0,1,0,3,0,2025-04,15.0
U11412,Supply,2025-04-08,6,0,0,0,0.0,1,1,0,0,2,1,2025-04,6.0
U11413,Supply,2025-01-11,10,4,1,0,2.0,1,0,1,1,4,0,2025-01,17.0
U11414,Supply,2025-02-23,4,1,3,2,0.0,1,0,0,0,1,1,2025-02,10.0
U11415,Demand,2025-06-22,10,5,0,2,1.0,1,1,1,1,4,0,2025-06,18.0
U11416,Demand,2025-02-16,10,5,0,1,3.0,1,1,1,1,4,0,2025-02,19.0
U11417,Supply,2025-05-20,9,3,3,0,2.0,1,1,1,1,4,0,2025-05,17.0
U11418,Supply,2025-05-29,9,2,2,0,2.0,1,0,0,0,1,1,2025-05,15.0
U11419,Demand,2025-05-19,7,7,0,1,3.0,1,1,1,0,3,0,2025-05,18.0
U11420,Demand,2025-01-05,9,7,0,1,4.0,1,1,0,1,4,0,2025-01,21.0
U11421,Supply,2025-01-20,8,1,1,1,3.0,1,1,1,0,3,0,2025-01,14.0
U11422,Demand,2025-06-18,7,2,0,0,1.0,1,0,1,1,4,0,2025-06,10.0
U11423,Supply,2025-02-15,8,2,2,0,0.0,1,1,1,0,3,0,2025-02,12.0
U11424,Supply,2025-01-12,6,0,4,1,10.0,1,1,1,0,3,0,2025-01,21.0
U11425,Demand,2025-03-11,5,8,0,1,6.0,1,1,0,1,4,0,2025-03,20.0
U11426,Demand,2025-01-17,4,2,0,1,0.0,1,1,0,1,4,0,2025-01,7.0
U11427,Supply,2025-04-25,3,2,1,0,1.0,1,0,1,1,4,0,2025-04,7.0
U11428,Demand,2025-05-27,7,3,0,1,3.0,1,1,1,0,3,0,2025-05,14.0
U11429,Demand,2025-06-03,4,3,0,0,3.0,1,1,1,0,3,0,2025-06,10.0
U11430,Demand,2025-02-17,8,2,0,1,2.0,1,0,1,1,4,0,2025-02,13.0
U11431,Demand,2025-04-18,16,6,0,2,4.0,1,1,1,1,4,0,2025-04,28.0
U11432,Demand,2025-02-21,6,8,0,4,8.0,1,1,1,1,4,0,2025-02,26.0
U11433,Demand,2025-04-06,12,9,0,4,9.0,1,1,1,1,4,0,2025-04,34.0
U11434,Demand,2025-03-11,0,5,0,0,0.0,1,1,1,1,4,0,2025-03,5.0
U11435,Supply,2025-04-12,10,4,0,1,3.0,1,0,0,0,1,1,2025-04,18.0
U11436,Supply,2025-03-16,5,5,2,0,1.0,1,0,0,1,4,0,2025-03,13.0
U11437,Supply,2025-06-10,10,1,4,0,2.0,1,1,1,1,4,0,2025-06,17.0
U11438,Demand,2025-05-31,12,8,0,2,5.0,1,0,1,0,3,0,2025-05,27.0
U11439,Supply,2025-05-23,5,8,1,0,2.0,1,1,1,0,3,0,2025-05,16.0
U11440,Demand,2025-06-04,13,5,0,1,3.0,1,0,0,1,4,0,2025-06,22.0
U11441,Demand,2025-06-28,14,4,0,1,4.0,1,1,0,1,4,0,2025-06,23.0
U11442,Supply,2025-03-23,18,3,5,2,4.0,1,1,1,0,3,0,2025-03,32.0
U11443,Demand,2025-04-02,10,5,0,2,2.0,1,1,1,1,4,0,2025-04,19.0
U11444,Demand,2025-06-28,12,6,0,1,4.0,1,1,1,0,3,0,2025-06,23.0
U11445,Demand,2025-06-24,5,2,0,0,0.0,1,0,0,0,1,1,2025-06,7.0
U11446,Supply,2025-01-04,5,3,1,0,2.0,1,0,0,0,1,1,2025-01,11.0
U11447,Demand,2025-05-15,10,5,0,1,2.0,1,1,1,0,3,0,2025-05,18.0
U11448,Demand,2025-04-19,7,2,0,0,2.0,1,1,0,1,4,0,2025-04,11.0
U11449,Demand,2025-06-12,7,6,0,2,4.0,1,1,1,1,4,0,2025-06,19.0
U11450,Demand,2025-02-17,10,8,0,2,5.0,1,1,1,1,4,0,2025-02,25.0
U11451,Demand,2025-03-14,9,5,0,2,6.0,1,1,0,1,4,0,2025-03,22.0
U11452,Demand,2025-03-13,12,7,0,2,2.0,1,0,1,0,3,0,2025-03,23.0
U11453,Demand,2025-04-26,7,4,0,2,3.0,1,1,1,1,4,0,2025-04,16.0
U11454,Demand,2025-06-22,7,7,0,1,4.0,1,1,0,0,2,1,2025-06,19.0
U11455,Supply,2025-03-22,9,3,2,0,2.0,1,1,0,1,4,0,2025-03,16.0
U11456,Demand,2025-03-22,11,6,0,1,3.0,1,0,1,0,3,0,2025-03,21.0
U11457,Demand,2025-04-23,11,3,0,1,2.0,1,1,1,1,4,0,2025-04,17.0
U11458,Demand,2025-04-06,4,2,0,1,4.0,1,0,0,0,1,1,2025-04,11.0
U11459,Supply,2025-03-13,8,3,1,0,3.0,1,1,1,0,3,0,2025-03,15.0
U11460,Demand,2025-05-27,6,5,0,0,1.0,1,1,1,1,4,0,2025-05,12.0
U11461,Supply,2025-03-04,8,3,2,2,5.0,1,0,1,1,4,0,2025-03,20.0
U11462,Demand,2025-02-07,9,5,0,1,2.0,1,1,1,1,4,0,2025-02,17.0
U11463,Supply,2025-03-08,10,2,1,0,2.0,1,1,1,1,4,0,2025-03,15.0
U11464,Demand,2025-03-10,5,5,0,0,1.0,1,1,1,1,4,0,2025-03,11.0
U11465,Demand,2025-01-13,2,5,0,1,4.0,1,1,1,0,3,0,2025-01,12.0
U11466,Supply,2025-06-24,12,1,2,0,2.0,1,1,1,0,3,0,2025-06,17.0
U11467,Demand,2025-01-31,5,6,0,1,2.0,1,1,1,1,4,0,2025-01,14.0
U11468,Supply,2025-04-24,10,4,0,0,3.0,1,1,1,0,3,0,2025-04,17.0
U11469,Demand,2025-01-22,14,9,0,1,6.0,1,1,1,0,3,0,2025-01,30.0
U11470,Demand,2025-04-03,16,8,0,0,3.0,1,1,1,1,4,0,2025-04,27.0
U11471,Demand,2025-06-20,7,3,0,0,1.0,1,0,0,0,1,1,2025-06,11.0
U11472,Demand,2025-03-08,6,9,0,2,7.0,1,1,0,0,2,1,2025-03,24.0
U11473,Demand,2025-02-23,8,5,0,0,1.0,1,1,1,1,4,0,2025-02,14.0
U11474,Supply,2025-05-18,6,3,1,0,5.0,1,1,0,1,4,0,2025-05,15.0
U11475,Supply,2025-02-11,14,4,5,1,1.0,1,1,0,0,2,1,2025-02,25.0
U11476,Demand,2025-03-05,6,8,0,2,4.0,1,1,0,1,4,0,2025-03,20.0
U11477,Demand,2025-05-06,3,5,0,0,3.0,1,1,1,1,4,0,2025-05,11.0
U11478,Demand,2025-01-21,9,7,0,3,2.0,1,1,1,1,4,0,2025-01,21.0
U11479,Demand,2025-06-18,17,10,0,2,2.0,1,1,0,1,4,0,2025-06,31.0
U11480,Demand,2025-06-01,6,10,0,3,4.0,1,1,0,1,4,0,2025-06,23.0
U11481,Demand,2025-02-04,8,3,0,2,3.0,1,0,0,0,1,1,2025-02,16.0
U11482,Supply,2025-01-30,6,3,0,0,2.0,1,0,0,0,1,1,2025-01,11.0
U11483,Demand,2025-02-26,16,7,0,1,3.0,1,1,0,1,4,0,2025-02,27.0
U11484,Supply,2025-02-16,10,4,2,2,7.0,1,1,1,1,4,0,2025-02,25.0
U11485,Supply,2025-06-12,10,5,4,1,5.0,1,1,0,0,2,1,2025-06,25.0
U11486,Supply,2025-01-19,11,2,2,1,2.0,1,1,0,0,2,1,2025-01,18.0
U11487,Supply,2025-04-24,9,6,3,1,2.0,1,0,0,0,1,1,2025-04,21.0
U11488,Demand,2025-01-08,18,12,0,0,2.0,1,1,0,1,4,0,2025-01,32.0
U11489,Supply,2025-01-26,6,3,3,0,1.0,1,0,1,1,4,0,2025-01,13.0
U11490,Demand,2025-04-23,5,2,0,0,4.0,1,1,0,0,2,1,2025-04,11.0
U11491,Supply,2025-03-12,5,2,3,2,5.0,1,1,1,1,4,0,2025-03,17.0
U11492,Supply,2025-01-30,7,1,2,1,2.0,1,0,0,0,1,1,2025-01,13.0
U11493,Supply,2025-05-15,10,6,2,0,1.0,1,0,0,0,1,1,2025-05,19.0
U11494,Supply,2025-03-08,14,6,5,0,1.0,1,1,1,1,4,0,2025-03,26.0
U11495,Demand,2025-03-06,12,6,0,2,2.0,1,1,1,1,4,0,2025-03,22.0
U11496,Demand,2025-02-05,6,2,0,0,1.0,1,1,1,1,4,0,2025-02,9.0
U11497,Demand,2025-01-25,5,3,0,2,5.0,1,1,1,0,3,0,2025-01,15.0
U11498,Demand,2025-02-06,12,12,0,2,5.0,1,0,1,1,4,0,2025-02,31.0
U11499,Supply,2025-01-01,10,5,1,0,0.0,1,0,0,0,1,1,2025-01,16.0
U11500,Demand,2025-05-23,9,6,0,2,2.0,1,1,1,1,4,0,2025-05,19.0
